genotype,iPLL
00000000000,-0.17739156798104175
00000000001,-0.19275968080613304
00000000010,-0.2211899768294803
00000000011,-0.2385782415995343
00000000100,-0.2099762343564361
00000000101,-0.21350747964969355
00000000110,-0.23788367749332492
00000000111,-0.2495088098360022
00000001000,-0.2054341852942549
00000001001,-0.21767277900811915
00000001010,-0.22742763805536415
00000001011,-0.23742019138675902
00000001100,-0.21011086948991584
00000001101,-0.2180622677144971
00000001110,-0.22851456256533012
00000001111,-0.23245949159324678
00000010100,-0.25644585812548104
00000010101,-0.2653883879831002
00000010110,-0.2837761016847827
00000010111,-0.2973046415750348
00000011000,-0.24719008237628165
00000011001,-0.2627332517357874
00000011010,-0.2547619015549484
00000011011,-0.2721735150814802
00000011100,-0.21445081381173775
00000011101,-0.21915625539882214
00000011110,-0.22466171927081086
00000011111,-0.2372654291448348
00000100000,-0.2648226078328516
00000100001,-0.2881732044293036
00000100010,-0.28642976659063224
00000100011,-0.3005110921449881
00000100100,-0.2923118150410303
00000100101,-0.3009557799400153
00000100110,-0.3070815933584463
00000100111,-0.3143056210281986
00000101000,-0.25666236352290056
00000101001,-0.2651143227524501
00000101010,-0.27203631205824286
00000101011,-0.28704075131043644
00000101100,-0.2698332776389426
00000101101,-0.2716952155408813
00000101110,-0.2778208605799755
00000101111,-0.2841559647911728
00000110000,-0.3164187650927094
00000110001,-0.3221171750514113
00000110010,-0.3251567280951864
00000110011,-0.33987421667076295
00000110100,-0.32115059044578037
00000110110,-0.34699053886878023
00000111000,-0.31224870177784797
00000111001,-0.3159493313275291
00000111010,-0.31565881605544566
00000111011,-0.32862941856792516
00000111100,-0.29206912803771573
00000111101,-0.29244366281665374
00000111110,-0.30840911403889043
00000111111,-0.31453421093471895
00001000000,-0.23406484886354417
00001000001,-0.2510089852368248
00001000010,-0.274553277470476
00001000011,-0.2890843867679295
00001000100,-0.2355491747140842
00001000101,-0.24042691572979866
00001000110,-0.265315514859155
00001000111,-0.27795551967495113
00001001000,-0.2451963824248439
00001001001,-0.25684409316491086
00001001010,-0.26849081740051534
00001001011,-0.27881025848763763
00001001100,-0.22543441053422478
00001001101,-0.23374219519834272
00001001110,-0.2453105901856976
00001001111,-0.2499778062873986
00001010001,-0.32462465840412114
00001010010,-0.32506820795933683
00001010100,-0.2760558244774937
00001010101,-0.28061130580713534
00001010110,-0.30586047124359084
00001010111,-0.31574233488721265
00001011000,-0.27895805330278345
00001011001,-0.29441614780489495
00001011010,-0.2991621421644425
00001011011,-0.3139704319158661
00001011100,-0.22344506717355703
00001011101,-0.22548241849125414
00001011110,-0.2376872102579119
00001011111,-0.23986334932780448
00001100000,-0.30615672230739444
00001100001,-0.3181136032546914
00001100010,-0.32989933494734885
00001100011,-0.340407031587181
00001100100,-0.30521825471151204
00001100101,-0.31560061020200825
00001100110,-0.32438253940051487
00001100111,-0.32678945412618376
00001101000,-0.2860759995794192
00001101001,-0.29177055077391484
00001101010,-0.30436915318816554
00001101011,-0.3210944206128218
00001101100,-0.2792552366767825
00001101101,-0.2811279095668147
00001101110,-0.2915395728182663
00001101111,-0.3008882945052928
00001110000,-0.3480119865840874
00001110001,-0.35843440830206985
00001110010,-0.3639562020523105
00001110011,-0.3740238502997122
00001110100,-0.33561791479313446
00001111000,-0.32695394336830785
00001111001,-0.34355550545321034
00001111010,-0.3478925556111065
00001111011,-0.35774360917633563
00001111100,-0.3007292843445755
00001111101,-0.2990094258453133
00001111110,-0.31418464664738854
00001111111,-0.3217022031062448
00010000000,-0.21334639790479484
00010000001,-0.23198111699478546
00010000010,-0.2433107498459027
00010000011,-0.2675343456898929
00010000100,-0.22846305867144515
00010000110,-0.2622075766030564
00010000111,-0.2779880547175475
00010001000,-0.21761779538247236
00010001001,-0.23619392958414856
00010001010,-0.23756009504009964
00010001011,-0.2586435373885267
00010001100,-0.22221283856389482
00010001101,-0.23393324055271011
00010001110,-0.23679091645029435
00010001111,-0.2538272532717795
00010010000,-0.2665033196621871
00010010001,-0.28843550959630926
00010010011,-0.3107726541944425
00010010100,-0.26072161340302286
00010010101,-0.27840901095884246
00010010110,-0.3029558455141832
00010010111,-0.3254579960428099
00010011000,-0.2593312819525242
00010011001,-0.2724447920395397
00010011010,-0.2684654051663693
00010011011,-0.28841622461406163
00010011100,-0.22180900267197257
00010011101,-0.22667717887304234
00010011110,-0.24304560666270666
00010011111,-0.2593616812320553
00010100000,-0.27893487729672756
00010100001,-0.29515027881398764
00010100010,-0.2890083155658636
00010100011,-0.3099670326577158
00010100100,-0.29888403008956577
00010100101,-0.307748663238135
00010100110,-0.3191982385920688
00010100111,-0.32914982940553505
00010101000,-0.2646262523143645
00010101001,-0.2740704430753514
00010101010,-0.27701109888917624
00010101011,-0.30115465056445484
00010101100,-0.27480312744758467
00010101101,-0.2758641717539964
00010101110,-0.2901533416911474
00010101111,-0.2987794265156562
00010110000,-0.3146574395231936
00010110001,-0.33282862854596246
00010110010,-0.3325396417979121
00010110011,-0.34992902050553504
00010110101,-0.33814928963506735
00010111000,-0.3150255222222787
00010111001,-0.3251806743720717
00010111010,-0.3249728025977673
00010111011,-0.3348761023408303
00010111100,-0.3044998415413084
00010111101,-0.3045890619415227
00010111110,-0.3238821023407125
00010111111,-0.3244044001763891
00011000000,-0.2574715391623732
00011000001,-0.2809819843605913
00011000010,-0.2955262837049583
00011000011,-0.31865369769440843
00011000100,-0.24997473279375826
00011000101,-0.26455613034308023
00011000110,-0.2866202788717968
00011000111,-0.3058780866951462
00011001000,-0.25314739383118967
00011001001,-0.2799162533804783
00011001010,-0.2813807287396556
00011001011,-0.30622411920112375
00011001100,-0.23522671246167098
00011001101,-0.2513297551042647
00011001110,-0.25573677011499335
00011001111,-0.2702747849272116
00011010000,-0.30783094901139885
00011010010,-0.33621659415740673
00011010100,-0.28321730287749924
00011010101,-0.29564896151243775
00011010110,-0.31971284274145906
00011010111,-0.3342508432014705
00011011000,-0.2878331081291781
00011011001,-0.3078103905453805
00011011010,-0.3089800343196983
00011011011,-0.33183804984515175
00011011100,-0.22787938473934433
00011011101,-0.23747376151936134
00011011110,-0.251652070817718
00011011111,-0.26324880754920527
00011100000,-0.31019987786240466
00011100001,-0.33407637105325927
00011100010,-0.3393194544841475
00011100011,-0.3589198344297135
00011100100,-0.3114849009905975
00011100101,-0.32045434933140965
00011100110,-0.3350995063911629
00011100111,-0.34244112547307426
00011101000,-0.2929741694538257
00011101001,-0.3141706103977349
00011101010,-0.3181868496061992
00011101011,-0.3407323781576016
00011101100,-0.28684702027329945
00011101101,-0.2932298399002753
00011101110,-0.3027247768981954
00011101111,-0.31327765619007536
00011110000,-0.3515048648852287
00011110001,-0.36281550179953465
00011110010,-0.36755077362602756
00011110011,-0.3878620692446763
00011110101,-0.3549694480681243
00011111000,-0.336617162863796
00011111001,-0.35059994656975163
00011111010,-0.3578610240708298
00011111011,-0.3659095283049798
00011111100,-0.3161047215703298
00011111101,-0.3100895302715932
00011111110,-0.3338937778087234
00011111111,-0.3303866857244614
00100000000,-0.2205229865060651
00100000001,-0.22982887459040843
00100000010,-0.24815526942419255
00100000011,-0.2582930239115275
00100000100,-0.23310866551379222
00100000101,-0.23829737818430152
00100000110,-0.25981126065795945
00100000111,-0.2693837854979961
00100001000,-0.23502036391527564
00100001001,-0.2404659999423338
00100001010,-0.24587518559922197
00100001011,-0.25254106956730155
00100001100,-0.229186408782344
00100001101,-0.2292829767368997
00100001110,-0.2394434120054107
00100001111,-0.24606441366157955
00100010000,-0.2846415512812319
00100010100,-0.27212122349953244
00100010101,-0.27909801431042225
00100010110,-0.2958415706827917
00100010111,-0.312837892184386
00100011000,-0.2601301541671169
00100011001,-0.27273025706743603
00100011010,-0.26697904891799507
00100011011,-0.28152131012119785
00100011100,-0.2196225473503503
00100011101,-0.22409919910678325
00100011110,-0.23827756365125868
00100011111,-0.24055502547401075
00100100000,-0.2680992877114269
00100100001,-0.28198317572212905
00100100010,-0.2942457691828559
00100100011,-0.3001050707247113
00100100100,-0.2870603302052296
00100100101,-0.28609057208867095
00100100110,-0.3021230217696111
00100100111,-0.312821205375272
00100101000,-0.26201197936530357
00100101001,-0.2736424965003358
00100101010,-0.2803112026371928
00100101011,-0.2891510482279168
00100101100,-0.2734975568124044
00100101101,-0.27247539299552365
00100101110,-0.2806703352351322
00100101111,-0.28431172227194346
00100110000,-0.32205972081096856
00100110001,-0.32918525265832727
00100110010,-0.3354413298977532
00100110011,-0.34288534665243486
00100110100,-0.33041232800768394
00100110110,-0.3564065107506207
00100111000,-0.32332266687804917
00100111001,-0.3263215730339155
00100111010,-0.33373270873813976
00100111011,-0.34080796806736074
00100111100,-0.29871161395392587
00100111101,-0.2991166550811653
00100111110,-0.31508104563953016
00100111111,-0.31082255953795895
00101000000,-0.26429254621076553
00101000001,-0.2736867797979781
00101000010,-0.2929702750418228
00101000011,-0.3056355664422891
00101000100,-0.2558490428216363
00101000101,-0.2541338609730422
00101000110,-0.28281855294103786
00101000111,-0.29241604835096224
00101001000,-0.2629819811655946
00101001001,-0.27002979832484214
00101001010,-0.28133043304219374
00101001011,-0.2902789045057272
00101001100,-0.24036208370337703
00101001101,-0.246260032769958
00101001110,-0.25312997408514454
00101001111,-0.2593047507065044
00101010100,-0.28043230059606583
00101010101,-0.28856736540631117
00101010110,-0.3185874868770363
00101010111,-0.32007489018139534
00101011000,-0.28442827168196705
00101011001,-0.29793563974536347
00101011010,-0.30479969059805656
00101011011,-0.3126279943954857
00101011100,-0.22670623100339846
00101011101,-0.22487918878418844
00101011110,-0.23975519062391817
00101011111,-0.24295988759046633
00101100000,-0.30463283529872803
00101100001,-0.31298988319483656
00101100010,-0.3364678372326351
00101100011,-0.3399842914255444
00101100100,-0.2943250115025399
00101100101,-0.30323457064469855
00101100110,-0.3190705664544441
00101100111,-0.325188569151948
00101101000,-0.2924386287209802
00101101001,-0.3023969256794522
00101101010,-0.31028928619921925
00101101011,-0.3238142874795605
00101101100,-0.2851461319286147
00101101101,-0.28516551589552186
00101101110,-0.2945877115890321
00101101111,-0.29822977668031425
00101110000,-0.3569818312230256
00101110001,-0.36262164223681287
00101110010,-0.37664942394049694
00101110011,-0.38762458759158963
00101111000,-0.3459453352725506
00101111001,-0.34832711646786046
00101111010,-0.3561286362779086
00101111011,-0.36415933294816677
00101111100,-0.3060405320809814
00101111101,-0.3045248932341708
00101111110,-0.3219362678237922
00101111111,-0.3208149577759223
00110000000,-0.24640462739853888
00110000001,-0.2565320523885305
00110000010,-0.27403691084874343
00110000011,-0.29499997598775796
00110000100,-0.25689671538157766
00110000101,-0.2645386543073812
00110000110,-0.28165905159612054
00110000111,-0.30478295149760376
00110001000,-0.24717209177805535
00110001001,-0.25933756638507505
00110001010,-0.25801680273045957
00110001011,-0.27732747614458103
00110001100,-0.24135669893302156
00110001101,-0.2522427320940818
00110001110,-0.25876711814690584
00110001111,-0.27417187698244966
00110010100,-0.2874825984857347
00110010101,-0.3016377704332228
00110010110,-0.318560702427802
00110010111,-0.3390443708549268
00110011000,-0.27560526179102607
00110011001,-0.29900898974958584
00110011010,-0.28871105680277637
00110011011,-0.31458122699087104
00110011100,-0.23234799394908584
00110011101,-0.24689604416474498
00110011110,-0.2556940613816876
00110011111,-0.27287341543681526
00110100000,-0.29100646848928163
00110100001,-0.3028389444884788
00110100010,-0.30961228591540296
00110100011,-0.32551808883755784
00110100100,-0.29560781515733847
00110100101,-0.3147790687571551
00110100110,-0.3247517300821051
00110100111,-0.3353659469196537
00110101000,-0.2801652859370691
00110101001,-0.295592305984428
00110101010,-0.29153339250150845
00110101011,-0.3148378198821029
00110101100,-0.2811608936551464
00110101101,-0.29049850124722926
00110101110,-0.29891947327387025
00110101111,-0.31081323769185254
00110110000,-0.3401409998119808
00110110001,-0.3507369327059966
00110110010,-0.35028757685361545
00110110011,-0.3701117501734766
00110111000,-0.33291072906439556
00110111001,-0.3435632931069985
00110111010,-0.3393686460661186
00110111011,-0.3543208040887044
00110111100,-0.31424774296347907
00110111101,-0.3193775671110787
00110111110,-0.32511444899208636
00110111111,-0.3367320776504046
00111000000,-0.2783711945922107
00111000001,-0.30186022135846274
00111000010,-0.32079892332598714
00111000011,-0.3396901141076114
00111000100,-0.2712380484698144
00111000101,-0.28704595509670516
00111000110,-0.30902042049177525
00111000111,-0.3266447195896593
00111001000,-0.2740717018778546
00111001001,-0.2965756025914428
00111001010,-0.29964004744760575
00111001011,-0.3207082324642747
00111001100,-0.25363297683511055
00111001101,-0.2658368871770082
00111001110,-0.27128847200830714
00111001111,-0.29209124084561766
00111010011,-0.39241503843385833
00111010100,-0.296456008974221
00111010101,-0.31688741944638743
00111010110,-0.34151886993178976
00111010111,-0.35395383191348423
00111011000,-0.3049471881731273
00111011001,-0.3147613648897582
00111011010,-0.3264187774323044
00111011011,-0.3453766887122061
00111011100,-0.234562011483337
00111011101,-0.24139655634931295
00111011110,-0.2650721521541274
00111011111,-0.27596650250101273
00111100000,-0.3212990533175652
00111100001,-0.33574086610243187
00111100010,-0.3530629645777025
00111100011,-0.36987428778428555
00111100100,-0.3188727757710734
00111100101,-0.32433224634184654
00111100110,-0.3459470506246588
00111100111,-0.35565849830337676
00111101000,-0.3074555981731649
00111101001,-0.32278323625663347
00111101010,-0.3303523476098936
00111101011,-0.35253752680793726
00111101100,-0.2974572194669544
00111101101,-0.3064240175839172
00111101110,-0.31371553453425954
00111101111,-0.32457756401950466
00111110000,-0.3740222189734346
00111110001,-0.38209016705479193
00111110010,-0.3966979264434939
00111110011,-0.4053087731245274
00111110100,-0.36627892799901296
00111111000,-0.35824181346887257
00111111001,-0.36230393487218476
00111111010,-0.3737302744080992
00111111011,-0.38121677708554247
00111111100,-0.32167543985706687
00111111101,-0.32364503683353907
00111111110,-0.34059328028906527
00111111111,-0.33975710649410745
01000000001,-0.23708913823896244
01000000010,-0.2584511366417194
01000000011,-0.26520493786484334
01000000100,-0.2307056015344549
01000000101,-0.23113467551548347
01000000110,-0.2564040681998563
01000000111,-0.261808047862647
01000001000,-0.24261104902652061
01000001001,-0.25139657834122886
01000001010,-0.2566849250705089
01000001011,-0.26609418698936904
01000001100,-0.23065545613134864
01000001101,-0.23359131706682207
01000001110,-0.2373812389279997
01000001111,-0.23941211021903025
01000010010,-0.30043809197175153
01000010100,-0.2752392868574542
01000010101,-0.28497748445292875
01000010110,-0.2961899158591424
01000010111,-0.3042511269071073
01000011000,-0.2870140906671845
01000011001,-0.29032994621385805
01000011010,-0.28513431736116
01000011011,-0.2937693293517844
01000011100,-0.2318903429928546
01000011101,-0.22959282816985366
01000011110,-0.23276799888468996
01000011111,-0.236522960117161
01000100000,-0.20925596745055566
01000100001,-0.2250838207471122
01000100010,-0.20711856799669215
01000100011,-0.21162905646831184
01000100100,-0.20560652113278208
01000100101,-0.21188687402869627
01000100110,-0.2010482791636066
01000100111,-0.19973489890825338
01000101000,-0.19933567345120234
01000101001,-0.21269287202864512
01000101010,-0.19441433464596464
01000101011,-0.202293133208098
01000101100,-0.18754569845444938
01000101101,-0.1896179422157108
01000101110,-0.1727715246761548
01000101111,-0.17178160830300454
01000110000,-0.2528863084680054
01000110001,-0.26179971141774855
01000110010,-0.23697712463722576
01000110011,-0.24245448748256823
01000110110,-0.22958467483136813
01000110111,-0.22862117152245143
01000111000,-0.24243088993546164
01000111001,-0.24604365970559236
01000111010,-0.22561909801746122
01000111011,-0.23558086809304177
01000111100,-0.20155752237858232
01000111101,-0.20054715382872854
01000111110,-0.1884850910988109
01000111111,-0.1893722842837301
01001000001,-0.2862988804504818
01001000010,-0.3033567980271951
01001000011,-0.3162567465128425
01001000100,-0.26143566766378706
01001000101,-0.26245219556880517
01001000110,-0.2848996620752142
01001000111,-0.2869395384608031
01001001000,-0.27674668445869044
01001001001,-0.283255149546831
01001001010,-0.29232108638265736
01001001011,-0.3051340367707429
01001001100,-0.2474157077854665
01001001101,-0.2534443767834122
01001001110,-0.25440329594743966
01001001111,-0.25679818928716197
01001010010,-0.3550421406338139
01001010011,-0.36150843727711557
01001010100,-0.2983150636623629
01001010101,-0.30135755919727053
01001010110,-0.3173127649353174
01001010111,-0.31818136407973413
01001011000,-0.3133457799896317
01001011001,-0.32294240020893106
01001011010,-0.3190825046791107
01001011011,-0.3274782377883453
01001011100,-0.23488342878339638
01001011101,-0.23669604390696475
01001011110,-0.24507871673036655
01001011111,-0.23864382216806038
01001100000,-0.24678919866083465
01001100001,-0.25744560379686665
01001100010,-0.2457996328093485
01001100011,-0.25403233653231905
01001100100,-0.21956083423097783
01001100101,-0.21253305075611592
01001100110,-0.21251420973869892
01001100111,-0.21590529007473988
01001101000,-0.22681148303687954
01001101001,-0.24020634618795225
01001101010,-0.2251448162885955
01001101011,-0.2423720870183056
01001101100,-0.19334001371924334
01001101101,-0.19673250300771652
01001101110,-0.1883874074108771
01001101111,-0.18993246396118002
01001110000,-0.28638945233138563
01001110001,-0.29030397592382906
01001110010,-0.2770447437878952
01001110011,-0.28703724977995687
01001110110,-0.25005250161948
01001110111,-0.2562379983346003
01001111000,-0.26982045582279734
01001111001,-0.27511998980041036
01001111010,-0.25656036251417297
01001111011,-0.2653070846400354
01001111100,-0.21373381944072609
01001111101,-0.21016684452753936
01001111110,-0.20103566698049388
01001111111,-0.20119429297215186
01010000000,-0.247796975699235
01010000001,-0.2625773275071062
01010000010,-0.275065230342856
01010000011,-0.2876798234606533
01010000100,-0.24720675738754289
01010000101,-0.2522105615319907
01010000110,-0.27436204430626804
01010000111,-0.28335025587618207
01010001000,-0.24623557839899593
01010001001,-0.2584656876254542
01010001010,-0.25915879238636935
01010001011,-0.2705822747960564
01010001100,-0.23439084401555757
01010001101,-0.23848978642825913
01010001110,-0.24077168789556408
01010001111,-0.24944280721039613
01010010001,-0.3161949561469488
01010010100,-0.2853005087039714
01010010101,-0.2903665196886338
01010010110,-0.3066221102572394
01010010111,-0.3201376666555787
01010011000,-0.2887683536825736
01010011001,-0.3064290283160305
01010011010,-0.29413171914645103
01010011011,-0.30356640945267943
01010011100,-0.23505474899778073
01010011101,-0.24378933478369771
01010011110,-0.24564042582875398
01010011111,-0.2523684429017764
01010100000,-0.2051912062224097
01010100001,-0.21503959702732994
01010100010,-0.20060858721187316
01010100011,-0.2114933011553695
01010100100,-0.19552851419903564
01010100101,-0.20160757535295992
01010100110,-0.20208124593768417
01010100111,-0.20438837667148627
01010101000,-0.19401626315141737
01010101001,-0.20581878004209192
01010101010,-0.18725281709402913
01010101011,-0.2004956173892443
01010101100,-0.17526067002891468
01010101101,-0.17965892846253617
01010101110,-0.1697360038097195
01010101111,-0.17075468716706246
01010110000,-0.2426747551022943
01010110001,-0.2506518831304725
01010110010,-0.22699014803980502
01010110011,-0.2378800204661232
01010110101,-0.23299965397748099
01010111000,-0.23941931638093827
01010111001,-0.24524453236204974
01010111010,-0.21935133343869923
01010111011,-0.23108370022602195
01010111100,-0.19788815586938827
01010111101,-0.19757677889763672
01010111110,-0.18976197798540592
01010111111,-0.1873088462380326
01011000000,-0.28902437016470334
01011000001,-0.3035704335809886
01011000010,-0.3191270534256856
01011000011,-0.3380531992616449
01011000100,-0.26854313898811905
01011000101,-0.2780928666920679
01011000110,-0.2958964526174172
01011000111,-0.3048774026074594
01011001000,-0.2839504386723501
01011001001,-0.30140060875417385
01011001010,-0.29820422178452344
01011001011,-0.31936930721690154
01011001100,-0.25065241596019927
01011001101,-0.264631408282461
01011001110,-0.256489606396925
01011001111,-0.269731680623627
01011010000,-0.34095277323480205
01011010001,-0.3539277621094925
01011010010,-0.3546573892525492
01011010100,-0.30538492667794487
01011010101,-0.3107406515315264
01011010110,-0.32440430641322876
01011010111,-0.33776872625048987
01011011000,-0.31723140521475246
01011011001,-0.33529978731925886
01011011010,-0.32354591554456535
01011011011,-0.341326478939109
01011011100,-0.24332536235781338
01011011101,-0.2548899458866277
01011011110,-0.2550543960753818
01011011111,-0.2635951006895306
01011100000,-0.24176878659320858
01011100001,-0.2569250033399549
01011100010,-0.24835372368446218
01011100011,-0.26086184232795556
01011100100,-0.20979340839657268
01011100101,-0.21579110550009906
01011100110,-0.21706531545735896
01011100111,-0.2254301864473083
01011101000,-0.22236506262642114
01011101001,-0.2409445136014213
01011101010,-0.22448183318441875
01011101011,-0.24846915783611442
01011101100,-0.19013842153419347
01011101101,-0.19566997227995184
01011101110,-0.1901719044934017
01011101111,-0.20024299117513597
01011110000,-0.2794258477474509
01011110001,-0.2838214020245148
01011110010,-0.27686214603423553
01011110011,-0.2898117880834536
01011110111,-0.26524636745170926
01011111000,-0.259916227946151
01011111001,-0.27461068357527385
01011111010,-0.2556741672317642
01011111011,-0.26272464950337826
01011111100,-0.2094277258170387
01011111101,-0.2084332506647486
01011111110,-0.20556078616857357
01011111111,-0.20670359848511027
01100000000,-0.2580377176071279
01100000001,-0.26088747018313513
01100000010,-0.27398022950908496
01100000011,-0.2776933264319072
01100000100,-0.25528583886071643
01100000101,-0.25514294059626286
01100000110,-0.2763110543661645
01100000111,-0.276097939430811
01100001001,-0.26890630118062403
01100001010,-0.26484834549826813
01100001011,-0.270729146644713
01100001100,-0.2464793754050163
01100001101,-0.24762449445056053
01100001110,-0.24717262062594303
01100001111,-0.25004738988783864
01100010001,-0.3273669043481215
01100010010,-0.3134819248763785
01100010011,-0.3210038827531724
01100010100,-0.2863011806192503
01100010101,-0.2916260750089422
01100010110,-0.30198249790765475
01100010111,-0.30597174659804255
01100011000,-0.29458092725959295
01100011001,-0.3042369651606965
01100011010,-0.2902884220898071
01100011011,-0.29509949146355896
01100011100,-0.23397480014711816
01100011101,-0.23566249582271698
01100011110,-0.23414688734448844
01100011111,-0.2395687399238749
01100100000,-0.21084713447853354
01100100001,-0.21398757157965465
01100100010,-0.20430140904779803
01100100011,-0.20937153783406948
01100100100,-0.19088962765085013
01100100101,-0.19274387344671995
01100100110,-0.19955540221361293
01100100111,-0.19882377999579962
01100101000,-0.20218893854789285
01100101001,-0.20681920615434332
01100101010,-0.19022124960307862
01100101011,-0.2033204232319885
01100101100,-0.17799674825648487
01100101101,-0.1825272416594398
01100101110,-0.17531963650929508
01100101111,-0.17703123247127375
01100110000,-0.250947770263972
01100110001,-0.2621518954319339
01100110010,-0.2424525290504912
01100110011,-0.24531225492608993
01100110100,-0.232001356528603
01100110101,-0.23381164865356602
01100111000,-0.2487547463143775
01100111001,-0.25438252640176195
01100111010,-0.23200355531390732
01100111011,-0.2338066968837313
01100111100,-0.20026375041389974
01100111101,-0.20272606166307994
01100111110,-0.19343809323551203
01100111111,-0.19014848164351433
01101000001,-0.30493103264431265
01101000010,-0.3144204125093862
01101000011,-0.3190651752901813
01101000100,-0.278642208139326
01101000101,-0.27563469938153273
01101000110,-0.2944103232166743
01101000111,-0.2981133040038706
01101001000,-0.2927706265665155
01101001001,-0.3002937083051403
01101001010,-0.29641769169203785
01101001011,-0.3002213144309218
01101001100,-0.25707257848112386
01101001101,-0.2627470452173746
01101001110,-0.2614181886082644
01101001111,-0.2633650258000702
01101010010,-0.3614862164559833
01101010011,-0.36796001152017443
01101010100,-0.29950212057207803
01101010101,-0.31071388165966646
01101010110,-0.319858881845842
01101010111,-0.3255636671829765
01101011000,-0.31806408700349803
01101011001,-0.3300362889630864
01101011010,-0.3212461993381355
01101011011,-0.32836048329311324
01101011100,-0.2429017909305411
01101011101,-0.24226299786249889
01101011110,-0.24223311974742034
01101011111,-0.2419886829075448
01101100000,-0.23989565657682085
01101100001,-0.24821760180773034
01101100010,-0.2390294903378244
01101100011,-0.25151628489594163
01101100100,-0.20619367980226247
01101100101,-0.21027143798127396
01101100110,-0.2135923119732275
01101100111,-0.2168620384353739
01101101000,-0.22528280318260827
01101101001,-0.24093034917041622
01101101010,-0.22143690058346885
01101101011,-0.23655760052865005
01101101100,-0.19688274389558158
01101101101,-0.19703386480932322
01101101110,-0.19121365289937234
01101101111,-0.19382915610449125
01101110000,-0.2863365043095282
01101110001,-0.2913918382834955
01101110010,-0.2842062032468963
01101110011,-0.288440614237761
01101111000,-0.26952841351966184
01101111001,-0.27641660143161834
01101111010,-0.26064390159206957
01101111011,-0.26670984531046776
01101111100,-0.21382437865565848
01101111101,-0.2130595867852041
01101111110,-0.20562440463825363
01101111111,-0.20016633552327415
01110000000,-0.2750486132629161
01110000001,-0.286133947264748
01110000010,-0.28993595272498646
01110000011,-0.3007803005099163
01110000100,-0.2727411457426895
01110000101,-0.27685931658629204
01110000110,-0.2882931677071063
01110000111,-0.30000180883955324
01110001000,-0.2723141627650498
01110001001,-0.2834385511250704
01110001010,-0.27514279686551196
01110001011,-0.28960768952794536
01110001100,-0.2569056698927682
01110001101,-0.2592203819729501
01110001110,-0.25649081990241807
01110001111,-0.2670998359530374
01110010000,-0.3332605858092677
01110010100,-0.29806091536776247
01110010101,-0.31525941330057516
01110010110,-0.31878830263949515
01110010111,-0.334552543090706
01110011000,-0.3090911130899459
01110011001,-0.3257102249150519
01110011010,-0.30472884193427435
01110011011,-0.31944043815747497
01110011100,-0.24454214638256944
01110011101,-0.2561821327941759
01110011110,-0.2516987264116939
01110011111,-0.26185979974422674
01110100000,-0.2040304431706647
01110100001,-0.21607554490521608
01110100010,-0.20862144829017185
01110100011,-0.21857596367254398
01110100100,-0.20711856799669215
01110100101,-0.19861155206008838
01110100110,-0.2024176567424587
01110100111,-0.21071619853943985
01110101000,-0.19932669972112999
01110101001,-0.21680945816380728
01110101010,-0.19244847415331634
01110101011,-0.2049643389552411
01110101100,-0.17978246355169164
01110101101,-0.18516273251141216
01110101110,-0.17549423540737558
01110101111,-0.18414845544526862
01110110000,-0.25072282632586795
01110110001,-0.2617779186089591
01110110010,-0.24436278715355567
01110110011,-0.2511347437718974
01110110100,-0.23871211739326129
01110110101,-0.24740735098994768
01110111000,-0.2477510656214358
01110111001,-0.257074666350661
01110111010,-0.23623901960861932
01110111011,-0.2467378620655535
01110111100,-0.20070120521141593
01110111101,-0.20264127901583903
01110111110,-0.19210047897009755
01110111111,-0.19303779233314539
01111000000,-0.3121122646192517
01111000001,-0.3221849848452032
01111000010,-0.3312417687695725
01111000011,-0.34701615240966044
01111000100,-0.29125155271199527
01111000101,-0.2980985838306775
01111000110,-0.311126747877777
01111000111,-0.3230889192302222
01111001000,-0.29705540974184036
01111001001,-0.3228780348827632
01111001010,-0.3076650336031967
01111001011,-0.3268256709068727
01111001100,-0.2668520400994975
01111001101,-0.28037624228938707
01111001110,-0.2726077123764004
01111001111,-0.28533650267579713
01111010000,-0.3628861216190826
01111010010,-0.37719015751561075
01111010011,-0.3929569010998689
01111010100,-0.3202831608704059
01111010101,-0.3284165797782965
01111010110,-0.3395068995285969
01111010111,-0.3530500385806239
01111011000,-0.3348274029165535
01111011001,-0.34984551847692014
01111011010,-0.33704775982468194
01111011011,-0.353467619919336
01111011100,-0.25268570343848906
01111011101,-0.26660535846844585
01111011110,-0.26417080074400173
01111011111,-0.27146785615135566
01111100000,-0.2452234500654122
01111100001,-0.2566939988894359
01111100010,-0.25082698593745245
01111100011,-0.26701493629303624
01111100100,-0.2138438077020033
01111100101,-0.21607803342997972
01111100110,-0.22233975765927455
01111100111,-0.23128317043412222
01111101000,-0.2348082523060135
01111101001,-0.2521078684846728
01111101010,-0.22932941157515113
01111101011,-0.2510996566712719
01111101100,-0.1965441899827096
01111101101,-0.20261642152322965
01111101110,-0.19309203854260915
01111101111,-0.2008297608721125
01111110000,-0.29100340423844734
01111110001,-0.29986167628021565
01111110010,-0.2874953964005126
01111110011,-0.3045479110547933
01111111000,-0.27435841961575563
01111111001,-0.2803819014884558
01111111010,-0.2654848788560518
01111111011,-0.28047842253680205
01111111100,-0.21207882863661148
01111111101,-0.21519138098118124
01111111110,-0.20253160027405914
01111111111,-0.20486760648531208
10000000000,-0.17872270725532283
10000000001,-0.18873814895282057
10000000010,-0.19682102908698768
10000000011,-0.2085813684153374
10000000100,-0.16374879589537067
10000000101,-0.16465080609772517
10000000110,-0.18587221510218224
10000000111,-0.1996193767187978
10000001000,-0.1879481674746201
10000001001,-0.19699907142811576
10000001010,-0.1837917794292971
10000001011,-0.19918721334302011
10000001100,-0.1461522603097218
10000001101,-0.1498665849249531
10000001110,-0.16030533470563352
10000001111,-0.1703967637309063
10000010011,-0.24034282606718618
10000010100,-0.16604715326120176
10000010101,-0.16682115526424934
10000010110,-0.20363570533797626
10000010111,-0.2106745333900335
10000011000,-0.19239523697469177
10000011001,-0.20087357492953195
10000011010,-0.1968025046040354
10000011011,-0.2104286224421349
10000011100,-0.11460129933591968
10000011101,-0.1205632712349179
10000011110,-0.13775457531984794
10000011111,-0.13978776535005913
10000100000,-0.2584247376178774
10000100001,-0.2664514418870855
10000100010,-0.2536269009788404
10000100011,-0.26271251228915005
10000100100,-0.24513192597935138
10000100101,-0.24819668960496763
10000100110,-0.253672585304792
10000100111,-0.2561522726815382
10000101000,-0.24408955568654006
10000101001,-0.2438051856527759
10000101010,-0.2446026834498462
10000101011,-0.25101180109547205
10000101100,-0.21009105157945862
10000101101,-0.20940495422403882
10000101110,-0.21317391052873091
10000101111,-0.21942096763340557
10000110000,-0.260208792896587
10000110001,-0.24589705255769276
10000110010,-0.26507837799501666
10000110011,-0.27042601544373435
10000110100,-0.23127808915614864
10000110101,-0.23103521891282927
10000111000,-0.25197215370594045
10000111001,-0.25332164776219035
10000111010,-0.2624204417470102
10000111011,-0.2637309787742237
10000111100,-0.198402224730578
10000111101,-0.1935190934365601
10000111110,-0.21958615298943546
10000111111,-0.21450674218299134
10001000000,-0.20160822000769735
10001000001,-0.21074091728665031
10001000010,-0.2294119173886584
10001000011,-0.24199022757653046
10001000100,-0.166279435418651
10001000101,-0.16559923938380672
10001000110,-0.20273540750322974
10001000111,-0.20364064959338335
10001001000,-0.1952780079513161
10001001001,-0.2025273432841056
10001001010,-0.2077623053796861
10001001011,-0.22505647640302043
10001001100,-0.1402651770918195
10001001101,-0.14393260744228292
10001001110,-0.16473955013935532
10001001111,-0.1672242275593879
10001010000,-0.23205404558136292
10001010010,-0.25913903009548406
10001010011,-0.2690948771354928
10001010100,-0.15983817935850353
10001010101,-0.16424141166626421
10001010110,-0.20446424109403655
10001010111,-0.21475622249141474
10001011000,-0.19354455747199392
10001011001,-0.1946691180264612
10001011010,-0.21268890358474757
10001011011,-0.22449584279046453
10001011100,-0.10107628251053598
10001011101,-0.09427274535752975
10001011110,-0.13106534877324882
10001011111,-0.12631374026833814
10001100000,-0.2569322400472628
10001100001,-0.2590933336992478
10001100010,-0.2703877891348424
10001100011,-0.27759829291227595
10001100100,-0.2322858646550849
10001100101,-0.22177515104933707
10001100110,-0.24436528812794125
10001100111,-0.2399067785410306
10001101000,-0.2371659145245219
10001101001,-0.2357111350965189
10001101010,-0.2504479434860616
10001101011,-0.2621043235920544
10001101100,-0.19879437615380444
10001101101,-0.19460423704769117
10001101110,-0.2125525028433312
10001101111,-0.21385831921286547
10001110000,-0.25900302989395424
10001110001,-0.25541513710844427
10001110010,-0.2857815907999813
10001110011,-0.2855297343465317
10001110101,-0.2273019780086496
10001111000,-0.24126624719064102
10001111001,-0.24431475963493857
10001111010,-0.2680616018879059
10001111011,-0.2677490314314085
10001111100,-0.1894962777301315
10001111101,-0.18337478875353708
10001111110,-0.213985640062122
10001111111,-0.20868467557579387
10010000000,-0.20928939420545487
10010000001,-0.22186028731407273
10010000010,-0.22298224307513123
10010000011,-0.2432702579368228
10010000100,-0.18188128041788487
10010000101,-0.19078503526623855
10010000110,-0.21497521011565315
10010000111,-0.2288282200196296
10010001000,-0.20021790655876376
10010001001,-0.21281952876051105
10010001010,-0.19764256740405545
10010001011,-0.2221720135984919
10010001100,-0.1552212963777119
10010001101,-0.16181168360700324
10010001110,-0.17584687850793948
10010001111,-0.18937848809768007
10010010000,-0.23038312284544882
10010010001,-0.23981384350712925
10010010100,-0.18264989882632676
10010010101,-0.19533161672284585
10010010110,-0.22372462518657182
10010010111,-0.24480454212475034
10010011000,-0.20331868995939106
10010011001,-0.21244375588200237
10010011010,-0.21867764620331515
10010011011,-0.23826120088507682
10010011100,-0.12916167952502983
10010011101,-0.13358523757388358
10010011110,-0.158682618411111
10010011111,-0.1749561851683685
10010100000,-0.26696181696935445
10010100001,-0.266879906225474
10010100010,-0.2716972752706747
10010100011,-0.2760779669489578
10010100100,-0.2523986138852436
10010100101,-0.25179571605148204
10010100110,-0.26725800420707513
10010100111,-0.2683309600193627
10010101000,-0.24738283624898763
10010101001,-0.2593612511016461
10010101010,-0.25146134969865286
10010101011,-0.26115234972450324
10010101100,-0.22202639928528292
10010101101,-0.22208741892439474
10010101110,-0.23363966638561856
10010101111,-0.23390883369935087
10010110000,-0.26386228434285125
10010110001,-0.2708469650534569
10010110010,-0.2775715499128016
10010110011,-0.27716574590482823
10010110100,-0.2535809649640998
10010110101,-0.25339850160667793
10010111000,-0.2679068282873509
10010111001,-0.2650438470507196
10010111010,-0.2662322976240374
10010111011,-0.2751137345258339
10010111100,-0.21376707934733022
10010111101,-0.210705625891848
10010111110,-0.23606335225683145
10010111111,-0.2357836454576871
10011000000,-0.22882383301997453
10011000001,-0.2411344351874308
10011000010,-0.2618642010173961
10011000011,-0.27891017415966274
10011000100,-0.18534634471988934
10011000101,-0.1923673008415702
10011000110,-0.22498577668841077
10011000111,-0.24113939979944957
10011001000,-0.21226901481240257
10011001001,-0.22894632858758904
10011001010,-0.23014214156504367
10011001011,-0.25173377583966394
10011001100,-0.15513981502247948
10011001101,-0.16285172338849271
10011001110,-0.18325615200400153
10011001111,-0.19760270296329993
10011010001,-0.25381448133080087
10011010010,-0.2795646197545156
10011010011,-0.29189445651203105
10011010100,-0.18053632804688804
10011010101,-0.18599826949185855
10011010110,-0.23129054780135488
10011010111,-0.2438270519918681
10011011000,-0.2079533989651979
10011011001,-0.21845833672958292
10011011010,-0.23631726178333204
10011011011,-0.25499024468359155
10011011100,-0.11116745854952848
10011011101,-0.118021198604866
10011011110,-0.1613526978575418
10011011111,-0.16347157104265192
10011100000,-0.2723790799785298
10011100001,-0.27056171796589906
10011100010,-0.29496919363664126
10011100011,-0.29784311939915603
10011100100,-0.24472289966946503
10011100101,-0.2426482522107644
10011100110,-0.26610237084773447
10011100111,-0.26672722600932985
10011101000,-0.25342349342338355
10011101001,-0.25997471018129076
10011101010,-0.27237290029521843
10011101011,-0.28509298918232523
10011101100,-0.21393799846813705
10011101101,-0.2166705794316653
10011101110,-0.23629116245769666
10011101111,-0.2336451577534633
10011110000,-0.27348699279955935
10011110001,-0.27289449634389124
10011110010,-0.3025992331802977
10011110011,-0.3031694794348425
10011110110,-0.29128808992851263
10011110111,-0.28965053297043464
10011111000,-0.2547688614187625
10011111001,-0.25850505865140666
10011111010,-0.27682578038418326
10011111011,-0.2817950487588683
10011111100,-0.2078041411625028
10011111101,-0.20332022537403818
10011111110,-0.22988443438883377
10011111111,-0.2273622051797349
10100000000,-0.1950018665102515
10100000001,-0.19716879225779796
10100000010,-0.2135745040122024
10100000011,-0.21501844291310793
10100000100,-0.17198971327264717
10100000101,-0.17221244320266982
10100000110,-0.20135967513199943
10100000111,-0.2076273535952778
10100001000,-0.18916660671494634
10100001001,-0.19190221954077216
10100001010,-0.19440308862226577
10100001011,-0.20064155628151173
10100001100,-0.1533737790162785
10100001101,-0.15143653658885745
10100001110,-0.16918943751841353
10100001111,-0.17270091616932434
10100010000,-0.21841545254176822
10100010001,-0.22683175449824064
10100010100,-0.17572391208714128
10100010101,-0.17394018680569007
10100010110,-0.2116262944364895
10100010111,-0.21882268106931055
10100011000,-0.1967510386992873
10100011001,-0.20484458829464064
10100011010,-0.20023126638359526
10100011011,-0.21360752909180136
10100011100,-0.11765053478230449
10100011101,-0.11742536433672357
10100011110,-0.13965452547310003
10100011111,-0.1454353246488686
10100100000,-0.23530312835804648
10100100001,-0.2343243558912634
10100100010,-0.24842357700097994
10100100011,-0.2552228549689164
10100100100,-0.22405370135387026
10100100101,-0.22270188117819614
10100100110,-0.24164835565580386
10100100111,-0.24271017810973167
10100101000,-0.2260092010352763
10100101001,-0.2359342207716962
10100101010,-0.23475905392751664
10100101011,-0.245832171561057
10100101100,-0.20065029569352014
10100101101,-0.20052660709740258
10100101110,-0.20874858170872426
10100101111,-0.21189958292251573
10100110000,-0.2533722149943265
10100110001,-0.25061202129716287
10100110010,-0.2742995099845921
10100110011,-0.27239926335839537
10100110100,-0.2371361980019772
10100110101,-0.23125963643059413
10100110111,-0.2572598652886029
10100111000,-0.24884609560724363
10100111001,-0.25530970354176247
10100111010,-0.26435385277163514
10100111011,-0.2676838021164835
10100111100,-0.20384470864393556
10100111101,-0.19516767077002636
10100111110,-0.21468085943730233
10100111111,-0.2104405393664033
10101000000,-0.21346712768419965
10101000001,-0.2163585966691378
10101000010,-0.24485970541794172
10101000011,-0.25041431609183024
10101000100,-0.1766948044250078
10101000101,-0.1766204631737692
10101000110,-0.21269996510132036
10101000111,-0.21410597558076772
10101001000,-0.1972947950988281
10101001001,-0.201230807313843
10101001010,-0.21745044232618665
10101001011,-0.23051031609760247
10101001100,-0.14820599472669807
10101001101,-0.14856590324729899
10101001110,-0.17350889449606785
10101001111,-0.17274052528109626
10101010000,-0.2357153195553048
10101010010,-0.26754437878339765
10101010011,-0.2750377056564141
10101010100,-0.1731845204573698
10101010101,-0.1674082768693407
10101010110,-0.21485806164288201
10101010111,-0.21674941115611648
10101011000,-0.19413188431829553
10101011001,-0.1983074439400892
10101011010,-0.21856727840165346
10101011011,-0.23437726485166865
10101011100,-0.10516573122620797
10101011101,-0.10002629916605563
10101011110,-0.13509147745857708
10101011111,-0.1373630115886163
10101100000,-0.2430624792971022
10101100001,-0.24174528937964407
10101100010,-0.2745914488333771
10101100011,-0.2698771817530805
10101100100,-0.21544521346788964
10101100101,-0.20895845385421488
10101100110,-0.24232122442606965
10101100111,-0.24123071929584666
10101101000,-0.22909396694398587
10101101001,-0.2357252828003558
10101101010,-0.24775281048611375
10101101011,-0.2592734975052507
10101101100,-0.1945840920999195
10101101101,-0.19509950057399472
10101101110,-0.2122237492263551
10101101111,-0.21112240433842738
10101110000,-0.26244183656243947
10101110001,-0.2621742321053897
10101110010,-0.295263317101076
10101110011,-0.2904673618929228
10101110111,-0.2648547475408303
10101111000,-0.24985185370975685
10101111001,-0.24542768707191362
10101111010,-0.27167006903245927
10101111011,-0.2732555623573943
10101111100,-0.19624661052373113
10101111101,-0.18913417497801868
10101111110,-0.21289529977385332
10101111111,-0.20770398680394905
10110000000,-0.21841330755750515
10110000001,-0.228520982150778
10110000010,-0.2420863280373763
10110000011,-0.25730637834755044
10110000100,-0.1944644325020854
10110000101,-0.2054356333154968
10110000110,-0.23388128000207653
10110000111,-0.24966146027946987
10110001000,-0.20904691210540757
10110001001,-0.22000415088379038
10110001010,-0.21605413065182172
10110001011,-0.235559663075547
10110001100,-0.17177836582070527
10110001101,-0.17670196353633388
10110001110,-0.19508989736823823
10110001111,-0.2119057168477158
10110010000,-0.24171312241764542
10110010001,-0.25425334958029155
10110010100,-0.1960491165402009
10110010101,-0.20876318567001392
10110010110,-0.24384974139618976
10110010111,-0.2579770868989824
10110011000,-0.2165022529709878
10110011001,-0.22668214200268502
10110011010,-0.230938247725498
10110011011,-0.24950866026193652
10110011100,-0.13310228948744005
10110011101,-0.14161126959187298
10110011110,-0.169768968301204
10110011111,-0.18782319756802765
10110100000,-0.2547020942629056
10110100001,-0.2595746624369976
10110100010,-0.27109140669682663
10110100011,-0.2801508591494314
10110100100,-0.24401058874138912
10110100101,-0.24809258188113484
10110100110,-0.2652039380947412
10110100111,-0.27153716194606065
10110101000,-0.24920936522110163
10110101001,-0.25679182794130845
10110101010,-0.25640380902755777
10110101011,-0.2712419308783285
10110101100,-0.22382125416996285
10110101101,-0.22682219004524198
10110101110,-0.23467042690546833
10110101111,-0.2418579049106131
10110110000,-0.2747127690498617
10110110001,-0.2820556526388413
10110110010,-0.2883264287645239
10110110011,-0.29022872768128877
10110110100,-0.2635960968558119
10110111000,-0.269630271047636
10110111001,-0.27148925597652196
10110111010,-0.2768328545607138
10110111011,-0.2866081982258657
10110111100,-0.22127748956260623
10110111101,-0.22253650899135857
10110111110,-0.23489720899687683
10110111111,-0.23290347676137435
10111000000,-0.241843177948806
10111000001,-0.24976592934517922
10111000010,-0.2776896010018535
10111000011,-0.2939678774959175
10111000100,-0.20534334630533885
10111000101,-0.20787053254302815
10111000110,-0.24592523421417808
10111000111,-0.2560066967341692
10111001000,-0.2232431724534427
10111001001,-0.23714681356079784
10111001010,-0.2530977454963327
10111001011,-0.27348834107077924
10111001100,-0.17146939957500174
10111001101,-0.1793074386040618
10111001110,-0.2019901327580385
10111001111,-0.21451400772760393
10111010000,-0.26206076617054297
10111010011,-0.31281957581759035
10111010100,-0.1955934265936848
10111010101,-0.20168704192615844
10111010110,-0.24494484853124834
10111010111,-0.25367146680622144
10111011000,-0.21575278452554844
10111011001,-0.22953303208665468
10111011010,-0.2518338318706392
10111011011,-0.2693211686434133
10111011100,-0.12275682403620593
10111011101,-0.1238740697835443
10111011110,-0.1656017492436764
10111011111,-0.1708875966736364
10111100000,-0.2667144001469874
10111100001,-0.2734736764981974
10111100010,-0.29463862884532843
10111100011,-0.3005873979990978
10111100100,-0.24316760198996057
10111100101,-0.24566241791866217
10111100110,-0.27303604211022037
10111100111,-0.2755905007360003
10111101000,-0.2568087122452486
10111101001,-0.2666307330332858
10111101010,-0.27800307982440686
10111101011,-0.29168904662553596
10111101100,-0.22076127628874295
10111101101,-0.22471138169713525
10111101110,-0.23580348251716082
10111101111,-0.24035686968034856
10111110000,-0.28885388464188333
10111110001,-0.29260898767912574
10111110010,-0.3133629461532501
10111110011,-0.3153455702992889
10111111000,-0.26758920081071486
10111111001,-0.2684823605206825
10111111010,-0.2932877699620244
10111111011,-0.29789288968278954
10111111100,-0.21339096433883809
10111111101,-0.20943348411948248
10111111110,-0.2367778466045881
10111111111,-0.23199530381022698
11000000000,-0.1857583840272453
11000000001,-0.18659686132448208
11000000010,-0.2030554306926929
11000000011,-0.20391284674159868
11000000100,-0.16339285228849834
11000000101,-0.16382075765518495
11000000110,-0.18587411328234732
11000000111,-0.18494942590911642
11000001000,-0.18994920613839514
11000001001,-0.19745955654412548
11000001010,-0.19116854268468936
11000001011,-0.1964412543230656
11000001100,-0.1482744151984553
11000001101,-0.14539018009506424
11000001110,-0.15425103305640434
11000001111,-0.15242931035953947
11000010001,-0.2307810069819797
11000010011,-0.2344057808798363
11000010100,-0.17645209095659312
11000010101,-0.17370842065402753
11000010110,-0.1946287925777545
11000010111,-0.19859862099361345
11000011000,-0.2001047059634831
11000011001,-0.206155222762572
11000011010,-0.1961748900894768
11000011011,-0.20318905118931266
11000011100,-0.115792440761854
11000011101,-0.1162479700940258
11000011110,-0.1231175800834571
11000011111,-0.12522948644145335
11000100000,-0.14999997147393523
11000100001,-0.15597806255218724
11000100010,-0.14383586462533693
11000100011,-0.1426752480153305
11000100100,-0.11737212277887761
11000100101,-0.11320167389100609
11000100110,-0.11532448692889197
11000100111,-0.10824114767305493
11000101000,-0.13996344254047685
11000101001,-0.14623952273278112
11000101010,-0.1330641619984113
11000101011,-0.14351472581841074
11000101100,-0.08580815527008706
11000101101,-0.07957309972590448
11000101110,-0.07787964224746276
11000101111,-0.07324301320522643
11000110000,-0.16191065398497279
11000110001,-0.1638674977473493
11000110010,-0.1550068527293887
11000110011,-0.14795748962902205
11000111000,-0.15562336728402926
11000111001,-0.15288840189346653
11000111010,-0.14046191764149488
11000111011,-0.1461693495432168
11000111100,-0.07073554349952604
11000111101,-0.0654045844897112
11000111110,-0.06636308933825796
11000111111,-0.06097189146741612
11001000000,-0.2053845718447674
11001000001,-0.2104706699410692
11001000010,-0.23518740017488798
11001000011,-0.23805426509352814
11001000100,-0.16708033649155554
11001000101,-0.16451551473646037
11001000110,-0.19163840287078632
11001000111,-0.19174742301979678
11001001000,-0.19887479283923426
11001001001,-0.2078167192425202
11001001010,-0.21357833805804954
11001001011,-0.2188680852235579
11001001100,-0.14591674761904405
11001001101,-0.14553673472781473
11001001110,-0.1576870702902764
11001001111,-0.1568725232444091
11001010010,-0.25459267195386703
11001010011,-0.2601187740343283
11001010100,-0.17268915250302205
11001010101,-0.1789544247312847
11001010110,-0.2009329229283439
11001010111,-0.19913775684559804
11001011000,-0.20432392105801425
11001011001,-0.2099127166533022
11001011010,-0.21438971971708054
11001011011,-0.22028508621709864
11001011100,-0.10893424097788304
11001011101,-0.10875977498435273
11001011110,-0.11976585641921764
11001011111,-0.11979646280276483
11001100000,-0.1565073280057503
11001100001,-0.15587511855848157
11001100010,-0.1547865883008356
11001100011,-0.15844038485225062
11001100100,-0.10087378194678781
11001100101,-0.0946933606304061
11001100110,-0.1031939373062206
11001100111,-0.09990935487487553
11001101000,-0.14403761602139128
11001101001,-0.14580736728931187
11001101010,-0.14250051294591423
11001101011,-0.15234612667300707
11001101100,-0.07294340809720434
11001101101,-0.07376974762569764
11001101110,-0.07393469250195543
11001101111,-0.07339094135776233
11001110000,-0.16640166088635505
11001110001,-0.16436793962127003
11001110010,-0.17004127291377025
11001110011,-0.17148039786744107
11001111000,-0.15018744773986686
11001111001,-0.15564973495967963
11001111010,-0.14392608639540275
11001111011,-0.15243367956248166
11001111100,-0.0655756892555596
11001111101,-0.06044181890020299
11001111110,-0.0631142568117782
11001111111,-0.05774332083080921
11010000000,-0.21097667072817888
11010000001,-0.21605019138365628
11010000010,-0.21967563798994702
11010000011,-0.22898401362348916
11010000100,-0.17880727028695456
11010000101,-0.1805871229906369
11010000110,-0.20266614437165345
11010000111,-0.20907524810241448
11010001000,-0.1954528471196697
11010001001,-0.20465777456573164
11010001010,-0.19822046997989456
11010001011,-0.21334698868306687
11010001100,-0.150088821456473
11010001101,-0.1546809463002355
11010001110,-0.16382728833321908
11010001111,-0.16692879995547452
11010010100,-0.18558532807489417
11010010101,-0.19443597038207114
11010010110,-0.2112401854222128
11010010111,-0.216181936389728
11010011000,-0.21112028773114483
11010011001,-0.2220110757800445
11010011010,-0.21078397490578385
11010011011,-0.22142813664898633
11010011100,-0.129362178795279
11010011101,-0.1317720107722044
11010011110,-0.13835605968735132
11010011111,-0.14708560258339595
11010100000,-0.14813406359494663
11010100001,-0.1465748450101396
11010100010,-0.14276077669664497
11010100011,-0.14685463271785204
11010100100,-0.11315426499925962
11010100101,-0.10657357767469904
11010100110,-0.11373939679598263
11010100111,-0.11293664108704875
11010101000,-0.13872821691010945
11010101001,-0.1434589305114244
11010101010,-0.12953030707582008
11010101011,-0.13707504139939897
11010101100,-0.08030830190954234
11010101101,-0.07659580829506041
11010101110,-0.07426616284781783
11010101111,-0.07441521784744083
11010110000,-0.1532081048769864
11010110001,-0.15696772678921567
11010110010,-0.14567933388915733
11010110011,-0.14788541878219996
11010110100,-0.11741791823531403
11010110110,-0.12815414165686007
11010111000,-0.15020782892835302
11010111001,-0.1539857671198494
11010111010,-0.1353844577807648
11010111011,-0.1395223451925671
11010111100,-0.07132858236018454
11010111101,-0.06482392745739479
11010111110,-0.06873034557635148
11010111111,-0.06409379352554122
11011000000,-0.22813261140812321
11011000001,-0.23912857099051052
11011000010,-0.25149251697657954
11011000011,-0.2633794364842381
11011000100,-0.179895273184873
11011000101,-0.18237535677867733
11011000110,-0.20856751416540026
11011000111,-0.2159829413231829
11011001000,-0.21214010528984412
11011001001,-0.22535335579828847
11011001010,-0.22534165376599988
11011001011,-0.24578123903424345
11011001100,-0.15183064865937168
11011001101,-0.15972841186239903
11011001110,-0.16370194943663705
11011001111,-0.17604166024828075
11011010000,-0.2505354127645236
11011010001,-0.2596720465114934
11011010010,-0.27338420377717615
11011010100,-0.18849264253223055
11011010101,-0.19048276828721927
11011010110,-0.21445540890538264
11011010111,-0.22403718345636373
11011011000,-0.21747502256831125
11011011001,-0.23336202170585602
11011011010,-0.23067928431486126
11011011011,-0.24274454065716575
11011011100,-0.11987965745692267
11011011101,-0.12634192403366043
11011011110,-0.13955503401287087
11011011111,-0.14295313393493117
11011100000,-0.15657538865752307
11011100001,-0.15695512480620175
11011100010,-0.15969470213663445
11011100011,-0.16718294245051232
11011100100,-0.10268871968272077
11011100101,-0.097470045875834
11011100110,-0.11367035837512987
11011100111,-0.10952413575709079
11011101000,-0.1405198115053135
11011101001,-0.15555936896216516
11011101010,-0.14443909611249872
11011101011,-0.16196209886753946
11011101100,-0.07640717977594277
11011101101,-0.07232488908890143
11011101110,-0.07864391385374293
11011101111,-0.07579627184698384
11011110000,-0.16497359510987145
11011110001,-0.16873055455854133
11011110010,-0.17201378295073924
11011110011,-0.1746715838902441
11011110101,-0.11702931890417806
11011111000,-0.15234569408352056
11011111001,-0.15783678769884596
11011111010,-0.14598990403146658
11011111011,-0.15290273917202563
11011111100,-0.0671773574817754
11011111101,-0.06542533848975036
11011111110,-0.06709481373519242
11011111111,-0.061887848349381616
11100000000,-0.19944982406816197
11100000001,-0.1995959933835562
11100000010,-0.20865945613123396
11100000011,-0.2087575751378288
11100000100,-0.1730349269719015
11100000101,-0.17269562960611892
11100000110,-0.19615304814884665
11100000111,-0.19043847516330328
11100001000,-0.1996318794225684
11100001001,-0.198666792808849
11100001010,-0.19284325174890363
11100001011,-0.19500090938826392
11100001100,-0.15786875796229186
11100001101,-0.15155424131538098
11100001110,-0.16116874208262857
11100001111,-0.15664975485724789
11100010000,-0.2299937997573445
11100010001,-0.23766927006714592
11100010100,-0.1791231407397132
11100010101,-0.17993663772961616
11100010110,-0.1946043457045717
11100010111,-0.19798946564024555
11100011000,-0.20318178893283517
11100011001,-0.21314460960327067
11100011010,-0.2019224392838618
11100011011,-0.20253555430361414
11100011100,-0.11991183753452736
11100011101,-0.12251089427646827
11100011110,-0.12293027660609565
11100011111,-0.12173937386086466
11100100000,-0.12807672436379922
11100100001,-0.12572471331720747
11100100010,-0.1276730096454828
11100100011,-0.12998640695008845
11100100100,-0.0939194323374955
11100100101,-0.08793294105980942
11100100110,-0.09768810227839231
11100100111,-0.09561188905852291
11100101000,-0.12751837942394917
11100101001,-0.13362355922216887
11100101010,-0.1172214259098567
11100101011,-0.1219424682970321
11100101100,-0.07396336466338804
11100101101,-0.06891288407913083
11100101110,-0.07021954843017228
11100101111,-0.06708835281907864
11100110000,-0.15100445879309257
11100110001,-0.15121980750815786
11100110010,-0.14595698567884471
11100110011,-0.14769122121984668
11100110100,-0.1091230020690689
11100110101,-0.10733176525400255
11100111000,-0.1491221406189382
11100111001,-0.15400539058287602
11100111010,-0.1390748931062364
11100111011,-0.14445004516126106
11100111100,-0.06500576499191647
11100111101,-0.061553915169977935
11100111110,-0.06596439786361012
11100111111,-0.059482002836011676
11101000000,-0.2178847399498791
11101000001,-0.22142529070793507
11101000010,-0.2365495958355382
11101000011,-0.23823616540773856
11101000100,-0.1831304934526801
11101000101,-0.17668482039759448
11101000110,-0.20224885390994132
11101000111,-0.200554486334702
11101001000,-0.2087311752551562
11101001001,-0.2166575484149503
11101001010,-0.21311953788789217
11101001011,-0.21829942500306845
11101001100,-0.15359901356496164
11101001101,-0.1556431846270646
11101001110,-0.1615222488412304
11101001111,-0.16170855398172737
11101010010,-0.2575942154098284
11101010011,-0.2624956157200317
11101010100,-0.17923366263970178
11101010101,-0.18266639508684854
11101010110,-0.2021535066925408
11101010111,-0.2062442587889109
11101011000,-0.20854180037031564
11101011001,-0.21576126356173972
11101011010,-0.21725087129392684
11101011011,-0.21714185036898714
11101011100,-0.11078230112830065
11101011101,-0.10929529464901808
11101011110,-0.11585356129705503
11101011111,-0.11938361314920898
11101100000,-0.1368263293531567
11101100001,-0.14107820768887314
11101100010,-0.1465304535381825
11101100011,-0.14974948507859473
11101100100,-0.08921264687703762
11101100101,-0.08444004982959114
11101100110,-0.09853792311892187
11101100111,-0.09827236958191683
11101101000,-0.13004810963816646
11101101001,-0.13945499329851854
11101101010,-0.1301759582166326
11101101011,-0.1380365841353708
11101101100,-0.06867911112269447
11101101101,-0.06715425265892076
11101101110,-0.07039832535344871
11101101111,-0.06861813252929867
11101110000,-0.16078859460447292
11101110001,-0.16331292688365745
11101110010,-0.16779157686883275
11101110011,-0.17396934634570482
11101110100,-0.11499620528563138
11101111000,-0.1492479776782725
11101111001,-0.15597208757538641
11101111010,-0.14588942543831626
11101111011,-0.1509208374625916
11101111100,-0.06291020368861058
11101111101,-0.05758619251980676
11101111110,-0.06340626883302307
11101111111,-0.05538258899916841
11110000000,-0.22045720740926578
11110000001,-0.22880516616808264
11110000010,-0.22870503543507797
11110000011,-0.2379170129604042
11110000100,-0.19313588587891517
11110000101,-0.19449871847578698
11110000110,-0.21565089708342333
11110000111,-0.21818927205472702
11110001000,-0.20726896178357648
11110001001,-0.2165632153296754
11110001010,-0.20478565369041246
11110001011,-0.218816279417536
11110001100,-0.16720843425738446
11110001101,-0.17195738559779195
11110001110,-0.1707546739523459
11110001111,-0.17757534698936348
11110010000,-0.25103555750886397
11110010001,-0.2578452536042081
11110010011,-0.26676056006341364
11110010100,-0.20254743591315788
11110010101,-0.2085260634639176
11110010110,-0.22132651190539512
11110010111,-0.2231235675336951
11110011000,-0.21908489905394193
11110011001,-0.23199746921588682
11110011010,-0.22127230267673884
11110011011,-0.23236405053850614
11110011100,-0.133351748104777
11110011101,-0.14224899726536466
11110011110,-0.14439661787906383
11110011111,-0.15194401219261625
11110100000,-0.13050805846693872
11110100001,-0.1357203234951807
11110100010,-0.13381613137779894
11110100011,-0.14072400806891194
11110100100,-0.09766616555727757
11110100101,-0.0952957432752771
11110100110,-0.11158744594779557
11110100111,-0.10805028072385506
11110101000,-0.12981933117331318
11110101001,-0.13998604539858958
11110101010,-0.12130116331192382
11110101011,-0.13216749114800955
11110101100,-0.07285507799201477
11110101101,-0.07373958944868828
11110101110,-0.0739390136931887
11110101111,-0.07258597999425326
11110110000,-0.1596621360637733
11110110001,-0.15952235718240618
11110110010,-0.15426823230104042
11110110011,-0.15281035855259675
11110110100,-0.12236898752995648
11110110101,-0.12316460270691827
11110110110,-0.13292830262913108
11110111000,-0.149920367110115
11110111001,-0.16148329848806176
11110111010,-0.13726556549830243
11110111011,-0.1476382687215979
11110111100,-0.06908597984495773
11110111101,-0.06433556062040666
11110111110,-0.06784241719788028
11110111111,-0.06662526808617121
11111000000,-0.2386200030278391
11111000001,-0.2508699111054832
11111000010,-0.25871966104003935
11111000011,-0.2706692335095392
11111000100,-0.19733323717552326
11111000101,-0.20043105324186855
11111000110,-0.22331984996880527
11111000111,-0.23028816118910422
11111001000,-0.22592527805923004
11111001001,-0.2415516443090956
11111001010,-0.23527270843188355
11111001011,-0.2536983065387253
11111001100,-0.1687524021535115
11111001101,-0.17844620971863182
11111001110,-0.17736776595597337
11111001111,-0.1867966713474609
11111010000,-0.2616634553106099
11111010001,-0.2743354947305699
11111010010,-0.2818589821662592
11111010011,-0.2965469147323347
11111010100,-0.19675533023378916
11111010101,-0.20552716886174535
11111010110,-0.2225240840245874
11111010111,-0.23385804935181795
11111011000,-0.22933640241586412
11111011001,-0.24376949810873974
11111011010,-0.23389307640123888
11111011011,-0.25102687928868633
11111011100,-0.1256086943829354
11111011101,-0.1297334060800696
11111011110,-0.1413630577109984
11111011111,-0.15079852386217876
11111100000,-0.14623782330760263
11111100001,-0.15576519225286645
11111100010,-0.15794429012598385
11111100011,-0.1649440403939809
11111100100,-0.098938585969935
11111100101,-0.09585999323719108
11111100110,-0.11591146812662484
11111100111,-0.1130324513177248
11111101000,-0.14220201650282627
11111101001,-0.15108506708222222
11111101010,-0.14077523696823005
11111101011,-0.1575123946572023
11111101100,-0.07371915850315984
11111101101,-0.0725391606013916
11111101110,-0.07858124852627939
11111101111,-0.07846863954733126
11111110000,-0.17104421851603205
11111110001,-0.17264860600683185
11111110010,-0.17714782032680254
11111110011,-0.18605543330542362
11111111000,-0.15364201312585535
11111111001,-0.1593784797695764
11111111010,-0.14851686697519723
11111111011,-0.1573803179661911
11111111100,-0.06591148990022772
11111111101,-0.061027830467930165
11111111110,-0.06480980500140367
11111111111,-0.06072369542168031
