mutant,avg ddG
00000000000,2.5277425000000004
00000000001,3.1522275
00000000010,3.1718125
00000000011,3.48290375
00000000100,3.4484075
00000000101,2.9874275
00000000110,3.09800125
00000000111,3.02171625
00000001000,3.1429562500000006
00000001001,2.9852675
00000001010,3.10868
00000001011,2.93815625
00000001100,2.86674625
00000001101,2.95313125
00000001110,3.3667875000000005
00000001111,3.1966949999999996
00000010100,0.24059750000000002
00000010101,0.6241675
00000010110,0.6964075
00000010111,0.34878374999999995
00000011000,0.47190125000000005
00000011001,0.39289375
00000011010,0.5639937500000001
00000011011,0.43407999999999997
00000011100,0.5331325
00000011101,0.20944875
00000011110,0.7219337499999999
00000011111,0.6192075
00000100000,2.9074362499999995
00000100001,2.6837187499999997
00000100010,2.94793625
00000100011,3.2440862500000005
00000100100,3.19521375
00000100101,3.1690424999999998
00000100110,2.94401125
00000100111,2.9627087499999996
00000101000,3.26684875
00000101001,3.5336824999999994
00000101010,3.2098125
00000101011,3.5705549999999993
00000101100,2.90369375
00000101101,3.22029125
00000101110,3.1252625000000003
00000101111,3.32934375
00000110000,0.5051062500000001
00000110001,0.5795987499999999
00000110010,0.5525125
00000110011,0.5508025
00000111000,0.6037399999999999
00000111001,0.44218875
00000111010,0.83336
00000111011,0.39785375
00000111100,0.49135625
00000111101,0.19609374999999998
00000111110,0.48005624999999996
00000111111,0.3913775
00001000000,2.93435
00001000001,2.8039437499999997
00001000010,3.1810137499999995
00001000011,3.0398950000000005
00001000100,2.8072975000000002
00001000101,2.94836375
00001000110,2.9936775000000004
00001000111,3.2756100000000004
00001001000,2.8768600000000006
00001001010,3.078305
00001001011,2.9234375
00001001100,3.536755
00001001101,3.22500375
00001001110,3.5229
00001001111,3.0689550000000008
00001010001,0.6679112500000001
00001010010,0.44373250000000003
00001010100,0.32978875
00001010101,0.29766125
00001010110,0.5881462500000001
00001010111,0.7462337499999999
00001011000,0.5501750000000001
00001011001,0.6068775
00001011010,0.9022374999999999
00001011011,0.66370875
00001011100,0.60933
00001011101,0.66038875
00001011110,0.5490275
00001011111,0.65028125
00001100000,2.6165962499999997
00001100001,3.05831
00001100010,3.1153400000000007
00001100011,3.18111875
00001100100,3.23725
00001100101,3.1917512500000003
00001100110,2.7649174999999997
00001100111,2.9082325
00001101000,3.159255
00001101001,3.25516
00001101010,3.242725
00001101011,3.16942
00001101100,2.78403
00001101101,3.3638012500000003
00001101110,3.2908775
00001101111,3.3281449999999997
00001110000,0.5591575
00001110001,0.44692374999999995
00001110010,0.51081
00001110011,0.87822625
00001111000,0.36996874999999996
00001111001,0.37524
00001111010,0.79191
00001111011,0.5616375
00001111100,0.35156875000000004
00001111101,0.63753875
00001111110,0.69067375
00001111111,0.5600525000000001
00010000000,2.8971137499999995
00010000001,3.0220525
00010000010,3.58467125
00010000011,2.9092187499999995
00010000100,3.10875125
00010000111,2.7154350000000003
00010001000,3.03023125
00010001001,3.268595
00010001010,3.4378537500000004
00010001011,3.08723875
00010001100,2.88057
00010001101,2.43099
00010001110,2.9267874999999997
00010001111,2.794785
00010010000,0.46440000000000003
00010010001,0.1653925
00010010011,0.23138625
00010010100,0.038521249999999986
00010010101,0.48177374999999995
00010010110,0.42932375
00010011000,0.6966525
00010011001,0.39300625000000006
00010011010,0.4203075
00010011011,0.10280375
00010011100,0.7842274999999999
00010011101,0.5581662500000001
00010011110,0.7261537499999999
00010011111,0.476375
00010100000,2.74800125
00010100001,3.1017124999999997
00010100010,2.98938875
00010100011,2.88522875
00010100100,3.14826375
00010100101,2.5813637500000004
00010100110,3.1837174999999998
00010100111,2.8086925000000003
00010101000,3.3448499999999997
00010101001,2.9390150000000004
00010101010,3.0575712499999996
00010101011,2.9167125
00010101100,3.3038137499999998
00010101101,3.00001
00010101110,3.1950625
00010101111,2.9892187499999996
00010110000,0.27623749999999997
00010110001,0.45919000000000004
00010110010,0.45896250000000005
00010110011,0.16948124999999997
00010110101,0.52801125
00010111000,0.17826125
00010111001,0.02143125
00010111010,0.36199375
00010111011,0.05518625
00010111100,0.506375
00010111101,0.396255
00010111110,0.58017
00010111111,0.24080625
00011000000,2.7717412500000003
00011000001,2.762075
00011000010,2.44697875
00011000011,2.86819625
00011000100,3.52669
00011000101,3.04739375
00011000110,3.153305
00011000111,3.2952137500000003
00011001000,3.0864925
00011001001,2.873265
00011001010,3.159695
00011001011,2.9789487500000003
00011001100,2.9802825
00011001101,3.07380625
00011001110,3.11635875
00011001111,3.01852375
00011010000,0.3244825
00011010010,0.72734625
00011010100,0.51103875
00011010101,0.39678125
00011010110,0.38750874999999996
00011010111,0.33299874999999995
00011011000,0.57601875
00011011001,0.27850625
00011011010,0.43911249999999996
00011011011,0.6221099999999999
00011011100,0.43374625
00011011101,0.5303100000000001
00011011110,0.49010375000000006
00011011111,0.5627800000000001
00011100000,3.4612399999999997
00011100001,2.9335875000000002
00011100010,2.93499125
00011100011,2.6261887500000003
00011100100,2.8600512499999997
00011100101,2.93194625
00011100110,2.9513524999999996
00011100111,2.83998125
00011101000,2.792525
00011101001,2.91669125
00011101010,3.36145375
00011101011,2.8198225000000003
00011101100,3.2012612500000004
00011101101,2.84198125
00011101110,3.1114775
00011101111,3.03195
00011110000,0.47999125000000004
00011110001,0.333535
00011110010,0.6737987499999999
00011110011,0.23954499999999995
00011110101,0.29834875
00011111000,0.62408875
00011111001,0.46242875000000006
00011111010,0.5645950000000001
00011111011,0.5185662500000001
00011111100,0.55916375
00011111101,0.59698625
00011111110,0.6797825000000001
00011111111,0.5246725
00100000000,2.5778275
00100000001,2.9554075
00100000010,2.57375875
00100000011,3.0161725000000006
00100000100,2.82977625
00100000101,3.0228275
00100000110,3.2005200000000005
00100000111,2.9169624999999995
00100001000,3.0064937499999997
00100001001,3.0551775
00100001010,3.09561375
00100001011,2.9149487499999998
00100001100,3.1521899999999996
00100001101,2.74752125
00100001110,3.2183650000000004
00100001111,2.9987475
00100010000,0.5052575
00100010100,0.361695
00100010101,0.31496250000000003
00100010110,0.21497875
00100010111,0.38032
00100011000,0.41478875
00100011001,0.42170125
00100011010,0.46554249999999997
00100011011,0.35789999999999994
00100011100,0.5451199999999999
00100011101,0.47794374999999995
00100011110,0.5818575
00100011111,0.48125249999999997
00100100000,2.8994925
00100100001,2.9612575
00100100010,3.1799850000000003
00100100011,2.69576625
00100100100,2.95098375
00100100101,2.7098675
00100100110,3.0092687499999995
00100100111,3.1318275
00100101000,3.0650125
00100101001,3.0548124999999997
00100101010,2.9123249999999996
00100101011,3.4097712500000004
00100101100,3.4344087499999993
00100101101,3.2553075
00100101110,3.0695412500000003
00100101111,3.054265
00100110000,0.6660587499999999
00100110001,0.18268625
00100110010,0.57763625
00100110011,0.23013000000000003
00100111000,0.19918124999999998
00100111001,0.37902875
00100111010,0.36476624999999996
00100111011,0.39586125000000005
00100111100,0.35225874999999995
00100111101,0.47257750000000004
00100111110,0.6180637500000001
00100111111,0.5331175
00101000000,3.1699450000000002
00101000001,3.0402275
00101000010,2.90395625
00101000011,2.9914449999999997
00101000100,2.8242275000000006
00101000101,2.9448424999999996
00101000110,2.84656
00101000111,3.13096625
00101001000,3.00375875
00101001001,3.1348425
00101001010,3.288365
00101001011,3.0002437499999997
00101001100,3.2401674999999996
00101001101,3.445575
00101001110,3.3219587500000003
00101001111,2.95745625
00101010100,0.53029125
00101010101,0.3575925
00101010110,0.35912
00101010111,0.6458099999999999
00101011000,0.768615
00101011001,0.66776
00101011010,0.56378125
00101011011,0.37511874999999995
00101011100,0.42441
00101011101,0.7253762500000001
00101011110,0.64908
00101011111,0.54655375
00101100001,2.8676687499999995
00101100010,2.8629124999999997
00101100011,3.00389125
00101100100,3.3268675
00101100101,2.9864687500000002
00101100110,3.0497612499999995
00101100111,3.1198274999999995
00101101000,2.9582725
00101101001,2.9001
00101101010,3.0907262500000003
00101101011,3.1714199999999995
00101101100,3.352045
00101101101,3.38583125
00101101110,3.2345575
00101101111,2.9696650000000004
00101110000,0.35618124999999995
00101110001,0.43039125
00101110010,0.23877375
00101110011,0.53885375
00101111000,0.5869875
00101111001,0.34654999999999997
00101111010,0.27360375000000003
00101111011,0.4785875
00101111100,0.55477875
00101111101,0.6645399999999999
00101111110,0.73057875
00101111111,0.6071025
00110000000,3.2800424999999995
00110000001,2.6465924999999997
00110000010,2.86762625
00110000011,2.90849375
00110000100,3.2214349999999996
00110000101,2.5127925
00110000110,2.8377925
00110000111,3.1705412500000003
00110001000,2.77386
00110001001,2.7723949999999995
00110001010,3.252875
00110001011,2.6753025
00110001100,3.08620875
00110001101,2.5773712499999997
00110001110,3.27006125
00110001111,2.55101875
00110010100,0.6934287499999999
00110010101,0.420335
00110010110,0.11700999999999999
00110010111,0.16623624999999997
00110011000,0.41002500000000003
00110011001,0.24967749999999997
00110011010,0.3360575
00110011011,0.5122024999999999
00110011100,0.521615
00110011101,0.44112749999999995
00110011110,0.6193175000000001
00110011111,0.45104625000000004
00110100000,2.64417375
00110100010,3.03236125
00110100011,3.27864375
00110100101,2.87654625
00110100110,2.8796362500000003
00110100111,2.6109725000000004
00110101000,3.2026075
00110101001,2.7818987500000003
00110101010,3.09088625
00110101011,3.12408625
00110101100,3.2990512499999998
00110101101,3.07663875
00110101110,3.4000737500000002
00110101111,3.0708074999999995
00110110000,0.36415375
00110110001,0.04542124999999998
00110110010,0.14226
00110110011,0.290015
00110111000,0.29064249999999997
00110111001,0.35649375
00110111010,0.2255875
00110111011,0.59686875
00110111100,0.42082125000000004
00110111101,0.4413075
00110111110,0.4437175
00110111111,0.47265749999999995
00111000000,3.38352375
00111000001,2.9979787499999997
00111000010,2.9155112499999998
00111000011,2.6336999999999997
00111000100,3.1072612499999996
00111000101,2.7554675000000004
00111000110,3.35898375
00111000111,3.0577487499999996
00111001000,3.3801137499999996
00111001001,3.0876312500000003
00111001010,3.1622875
00111001011,3.1172237500000004
00111001100,3.4252987500000005
00111001101,3.199025
00111001110,3.07718625
00111001111,2.7011425000000004
00111010011,0.50550125
00111010100,0.5897574999999999
00111010101,0.40496000000000004
00111010110,0.25046875
00111010111,0.38095499999999993
00111011000,0.6626949999999999
00111011001,0.63308125
00111011010,0.4162125
00111011011,0.43102625
00111011100,0.46231999999999995
00111011101,0.59209
00111011110,0.6060525
00111011111,0.56691
00111100000,3.04696875
00111100001,2.9829362500000003
00111100010,3.244345
00111100011,2.592165
00111100100,3.298235
00111100101,2.79783375
00111100110,2.96080375
00111100111,3.17177625
00111101000,3.2100062500000006
00111101001,3.0542012499999998
00111101010,3.0568912499999996
00111101011,2.8211950000000003
00111101100,3.51681
00111101101,3.352362500000001
00111101110,3.30345375
00111101111,3.1752225
00111110000,0.47343749999999996
00111110001,0.55940375
00111110010,0.7645825
00111110011,0.2385775
00111110100,0.31160499999999997
00111111000,0.64229375
00111111001,0.40035625
00111111010,0.7929274999999999
00111111011,0.5349312500000001
00111111100,0.51419
00111111101,0.48448750000000007
00111111110,0.6789112500000001
00111111111,0.5639525
01000000001,3.03209875
01000000010,2.9102050000000004
01000000011,3.03277
01000000100,3.38729375
01000000101,3.04526375
01000000110,3.0172000000000003
01000000111,3.06732125
01000001000,3.0119062499999996
01000001001,2.913885
01000001010,2.74823875
01000001011,3.0591575
01000001100,3.109335
01000001101,3.1052575
01000001110,3.44655
01000001111,3.220395
01000010100,0.249215
01000010101,0.40874625
01000010110,0.62944
01000010111,0.27637625
01000011000,0.19130625
01000011001,0.47082124999999997
01000011010,0.7507424999999999
01000011011,0.3768575
01000011100,0.20317625
01000011101,0.35892125
01000011110,0.45984375
01000011111,0.39489124999999997
01000100000,2.97558
01000100001,3.31057375
01000100010,3.60918375
01000100011,3.19127625
01000100100,3.526075
01000100101,2.7047524999999997
01000100110,3.27194875
01000100111,3.1435175
01000101000,2.9494087500000004
01000101001,3.0428375
01000101010,3.16146875
01000101011,3.3190725
01000101100,3.4839337500000003
01000101101,3.3484200000000004
01000101110,3.2816149999999995
01000101111,3.4280000000000004
01000110000,0.49995874999999995
01000110001,0.66053875
01000110010,0.38007500000000005
01000110011,0.44626875000000005
01000110110,0.33049999999999996
01000110111,0.3735975
01000111000,0.86641
01000111001,0.26793625
01000111010,0.6163799999999999
01000111011,0.8498874999999999
01000111100,0.8042174999999999
01000111101,0.6671037500000001
01000111110,0.37058625000000006
01000111111,0.48462
01001000010,3.4073562500000003
01001000011,3.20132
01001000100,2.7142587500000004
01001000101,2.98894375
01001000110,3.0904074999999995
01001000111,3.400425
01001001000,3.2321175
01001001010,3.2004300000000003
01001001011,3.2683575000000005
01001001100,3.4079125
01001001101,3.0951225000000004
01001001110,3.41427125
01001001111,3.30392375
01001010010,0.57116375
01001010011,0.38392
01001010100,0.9765275000000001
01001010101,0.28102
01001010110,0.58981875
01001010111,0.57591625
01001011000,0.83598
01001011001,0.6980500000000001
01001011010,0.59208875
01001011011,0.7600475000000001
01001011100,1.0320025
01001011101,0.6726787500000001
01001011110,0.69203375
01001011111,0.844535
01001100000,2.99371375
01001100001,3.07265875
01001100010,3.3758737500000002
01001100011,3.276755
01001100100,3.571045
01001100101,3.3219775000000005
01001100110,3.0346750000000005
01001100111,3.08829625
01001101000,3.0044950000000004
01001101001,3.2563775
01001101010,3.44198875
01001101011,3.3051174999999997
01001101100,3.2997799999999997
01001101101,3.5336475000000003
01001101110,3.2503025
01001101111,3.50689
01001110000,0.5162862500000001
01001110001,0.962155
01001110010,0.5067699999999999
01001110110,0.93289875
01001110111,0.51518125
01001111000,0.7263712500000001
01001111001,0.6557599999999999
01001111010,0.63660125
01001111011,0.73658375
01001111100,0.61576625
01001111101,0.78482
01001111110,0.60211
01001111111,0.5968512499999999
01010000000,3.0868874999999996
01010000001,2.85910625
01010000010,2.4629475000000003
01010000011,2.80698625
01010000100,2.86352625
01010000101,2.9899224999999996
01010000110,2.79994125
01010000111,3.0029800000000004
01010001000,3.19571375
01010001010,3.3079825
01010001011,3.26738125
01010001100,2.88993875
01010001110,3.27097125
01010001111,3.19489375
01010010001,0.07770375000000002
01010010100,0.5198962500000001
01010010101,0.66442125
01010010110,0.31781875
01010010111,0.26305249999999997
01010011001,0.29458125
01010011010,0.19531
01010011011,0.44338999999999995
01010011100,0.5564874999999999
01010011101,0.2007025
01010011110,0.5130375
01010011111,0.13766875
01010100000,3.250745
01010100001,2.4556725
01010100010,3.0696075
01010100011,3.052033749999999
01010100100,3.3105762500000004
01010100101,2.96138125
01010100110,2.90866375
01010100111,2.943895
01010101000,2.9325162499999995
01010101001,3.2637562500000006
01010101010,2.9425124999999994
01010101011,3.20774375
01010101100,3.2725725000000003
01010101101,3.09941125
01010101110,3.3709362499999997
01010101111,3.3869525
01010110000,0.6070724999999999
01010110001,0.23515125000000006
01010110010,0.39178125
01010110011,0.33776625000000005
01010110101,0.47288125000000003
01010111000,0.34606875
01010111001,0.47892874999999996
01010111010,0.6925112500000001
01010111011,0.46823250000000005
01010111100,0.49018375000000003
01010111101,0.703005
01010111110,0.73832375
01010111111,0.5928225
01011000000,2.9125974999999995
01011000001,3.3410975
01011000010,2.9052324999999994
01011000011,2.7945787500000003
01011000100,3.0017474999999996
01011000101,3.3877212500000002
01011000110,2.84585875
01011000111,2.669175
01011001000,3.5099187499999998
01011001010,3.3712
01011001011,2.8550212499999996
01011001100,3.24497625
01011001110,3.347665
01011001111,3.16362
01011010001,0.17548000000000002
01011010100,0.61813375
01011010101,0.5577875
01011010110,0.35109124999999997
01011010111,0.8107875
01011011001,0.5936787499999999
01011011010,0.66679625
01011011011,0.40835
01011011100,0.7931012499999999
01011011101,0.59285625
01011011110,0.38159000000000004
01011011111,0.6231825
01011100000,2.8355775000000003
01011100001,2.8960687500000004
01011100010,3.5025325000000005
01011100011,3.15382875
01011100100,3.2115662500000006
01011100101,2.7393437499999997
01011100110,2.96758375
01011100111,3.0375750000000004
01011101000,3.61847875
01011101001,3.2359937500000004
01011101010,3.07625
01011101011,3.23333875
01011101100,3.32659875
01011101101,3.295415
01011101110,3.4471375
01011101111,3.33645875
01011110000,0.69291875
01011110001,0.43721625
01011110010,0.7225225
01011110011,0.29460125
01011111000,0.6047675
01011111001,0.498775
01011111010,0.58294875
01011111011,0.37594375
01011111100,0.89251125
01011111101,0.54506
01011111110,0.75712375
01011111111,0.60572
01100000000,3.09930875
01100000001,3.1226875000000005
01100000010,2.9032699999999996
01100000011,3.00356
01100000100,3.0422124999999998
01100000101,2.88984375
01100000110,3.1355512500000002
01100000111,2.8088725
01100001010,3.16192875
01100001100,3.0078837499999995
01100001101,2.6848475
01100001110,3.3522499999999997
01100001111,3.26553625
01100010100,0.6907975
01100010101,0.13284
01100010110,0.3004637499999999
01100010111,0.38016875
01100011001,0.7764225
01100011010,0.5729574999999999
01100011011,0.33336875
01100011100,0.77048625
01100011101,0.31684624999999994
01100011110,0.77642875
01100011111,0.393425
01100100000,3.05973625
01100100001,3.3590999999999998
01100100010,3.1281687500000004
01100100011,3.2919875
01100100100,2.84076875
01100100101,2.910393750000001
01100100110,4.0162825
01100100111,2.6644049999999995
01100101000,3.2326212500000007
01100101001,2.7650924999999993
01100101010,3.06771875
01100101011,3.08974625
01100101100,3.21282625
01100101101,3.35261
01100101110,3.30290125
01100101111,3.20866375
01100110000,0.36306
01100110001,0.5026212499999999
01100110010,0.6898162500000001
01100110011,0.36091500000000004
01100110101,0.5706237500000001
01100111000,0.6507312500000001
01100111001,0.485075
01100111010,0.7163075
01100111011,0.3147025
01100111100,0.39834374999999994
01100111101,0.7174237499999999
01100111110,0.5318175
01100111111,0.50462375
01101000001,2.97052125
01101000010,3.15062125
01101000011,3.18694375
01101000100,3.2299462500000002
01101000101,3.43953875
01101000110,3.3949375
01101000111,3.1569975000000006
01101001000,3.2381975
01101001001,3.1667
01101001010,3.492425
01101001011,3.1620099999999995
01101001100,3.342882499999999
01101001101,3.35102375
01101001110,3.4393325
01101001111,3.2163675
01101010011,0.5977437499999999
01101010100,0.62564375
01101010101,0.5525925
01101010110,0.6344312499999999
01101010111,0.47214375000000003
01101011000,1.0130400000000002
01101011001,0.564215
01101011010,0.607
01101011011,0.7080112499999999
01101011100,0.7381875
01101011101,0.61462
01101011110,0.75309
01101011111,0.6354062500000001
01101100000,3.2453624999999997
01101100001,2.9776962499999997
01101100010,2.8205362499999995
01101100011,2.9111825
01101100100,3.3786425000000007
01101100101,3.2230125000000003
01101100110,2.9931462499999997
01101100111,3.21947125
01101101000,3.35029625
01101101001,3.20991375
01101101010,3.2838887500000005
01101101011,3.3091012500000003
01101101100,3.0531325000000007
01101101101,3.33442375
01101101110,3.3051387500000002
01101101111,3.35931375
01101110000,0.475675
01101110001,0.61906875
01101110010,0.5940637499999999
01101110011,0.616565
01101111000,0.7946300000000001
01101111001,0.537095
01101111010,0.67480875
01101111011,0.5906287499999999
01101111100,0.7471862499999999
01101111101,0.7910062499999999
01101111110,0.73047375
01101111111,0.818805
01110000000,3.1611037500000005
01110000010,2.9910325
01110000011,2.99534875
01110000100,3.09775
01110000101,3.1770487499999995
01110000110,3.0725149999999997
01110000111,3.1785987500000004
01110001000,3.2892624999999995
01110001001,2.7067449999999997
01110001010,3.2914325
01110001011,3.0598275
01110001100,2.8401812499999997
01110001101,3.1606275
01110001110,3.06612125
01110001111,2.66499
01110010100,0.40193999999999996
01110010101,0.40471749999999995
01110010110,0.30849374999999996
01110010111,-0.3771050000000001
01110011000,0.7733225
01110011001,0.33051125
01110011010,0.30700000000000005
01110011011,0.46399624999999994
01110011101,0.45558750000000003
01110011110,0.51689875
01110011111,0.27925625
01110100000,3.08627875
01110100001,3.04883
01110100010,3.0857012499999996
01110100011,2.91469875
01110100100,2.7439150000000003
01110100101,3.3544762500000007
01110100110,3.2066749999999997
01110100111,3.0597499999999997
01110101000,3.37948875
01110101001,3.220885
01110101010,3.5083337500000003
01110101011,2.7892575
01110101100,3.1895975
01110101101,3.20089875
01110101110,3.0321387499999997
01110101111,3.07441375
01110110000,0.5561125
01110110001,0.6170062500000002
01110110010,0.39125
01110110011,0.37358625
01110110100,0.7598750000000001
01110111000,0.6743399999999999
01110111001,0.26514250000000006
01110111010,0.6532125000000001
01110111011,0.5498
01110111100,0.73089375
01110111101,0.45784125
01110111110,0.64518625
01110111111,0.49564749999999996
01111000001,3.10621375
01111000010,3.2635512499999995
01111000011,3.03367375
01111000100,3.0382937500000007
01111000101,3.03243625
01111000110,2.95686875
01111000111,3.2248
01111001000,3.4520375000000003
01111001010,3.2016487500000004
01111001011,3.3386937499999996
01111001100,3.1631462500000005
01111001101,3.1423137500000005
01111001110,3.1500800000000004
01111001111,3.24847625
01111010010,0.49050375
01111010011,0.08691499999999999
01111010100,0.5192049999999999
01111010101,0.47909749999999995
01111010110,0.7654299999999999
01111010111,0.39723250000000004
01111011000,0.48106875
01111011001,0.42282999999999993
01111011011,0.53659125
01111011100,0.72336625
01111011101,0.54904625
01111011110,0.6668024999999999
01111011111,0.52458875
01111100000,3.1062774999999996
01111100001,3.18391875
01111100010,3.216185
01111100011,3.1372200000000006
01111100100,2.8448725
01111100101,3.25843875
01111100110,3.3306362499999995
01111100111,2.951505
01111101000,2.9656149999999997
01111101001,3.229675
01111101010,3.1370525000000002
01111101011,3.285835
01111101100,3.1898675
01111101101,3.2338737500000003
01111101110,3.26072625
01111101111,3.256135
01111110000,0.78347875
01111110001,0.5432162500000001
01111110010,0.25961625000000005
01111110011,0.59208875
01111111000,0.78926125
01111111001,0.25656125
01111111010,0.6357575
01111111011,0.6460762500000001
01111111100,0.758585
01111111101,0.74753125
01111111110,0.89990125
01111111111,0.6581012500000001
10000000000,2.4067512499999997
10000000001,2.6095825
10000000010,2.21706125
10000000011,1.9400675
10000000100,2.40599125
10000000101,2.3053674999999996
10000000110,2.6800724999999996
10000000111,2.2031775000000002
10000001000,2.3540825
10000001001,2.00744875
10000001010,2.84258
10000001011,2.2688475
10000001100,2.38204875
10000001101,2.5360650000000002
10000001110,2.3004000000000002
10000001111,2.25047375
10000010100,-0.13128375
10000010101,-0.25528875
10000010110,-0.12480749999999999
10000010111,0.14556124999999998
10000011000,-0.33277874999999996
10000011001,-0.08138375
10000011010,-0.29102875
10000011011,-0.025660000000000006
10000011100,-0.054647499999999974
10000011101,-0.148285
10000011110,-0.14395375
10000011111,-0.14237125
10000100000,2.4388812499999997
10000100001,2.3659425
10000100010,2.0241725
10000100011,2.2383825
10000100100,2.21312125
10000100101,2.37896
10000100110,2.6085712500000002
10000100111,2.32396875
10000101000,2.3257575
10000101001,2.3086474999999997
10000101010,2.54035625
10000101011,2.5361749999999996
10000101100,2.56435875
10000101101,2.36349
10000101110,2.5056149999999997
10000101111,2.19230625
10000110000,-0.1871175
10000110001,-0.5747850000000001
10000110010,-0.30476
10000110011,-0.34781500000000004
10000110100,-0.343275
10000110101,-0.16206874999999998
10000111000,0.22202125
10000111001,-0.307855
10000111010,-0.189465
10000111011,0.04141375000000003
10000111100,-0.4407025
10000111101,0.07073999999999997
10000111110,-0.24008
10000111111,-0.09527625000000002
10001000000,2.2019537499999995
10001000001,2.64188875
10001000010,2.13447375
10001000100,2.6286562499999997
10001000101,2.6011875
10001000110,2.2221275
10001000111,2.5342
10001001000,2.27241625
10001001001,2.6346075
10001001010,2.714195
10001001011,2.17189375
10001001100,2.6042650000000003
10001001101,2.7931099999999995
10001001110,2.3554275000000002
10001001111,2.70407
10001010000,-0.04293625
10001010010,-0.06152875
10001010011,-0.27705874999999996
10001010100,-0.16993875
10001010101,-0.019160000000000024
10001010110,-0.38982999999999995
10001010111,-0.4024325
10001011000,-0.09243375000000001
10001011001,-0.28600875
10001011010,0.03375625
10001011011,-0.009923750000000009
10001011100,0.11714
10001011101,0.18770125000000001
10001011110,-0.19349124999999998
10001011111,0.0440025
10001100000,2.6462475
10001100001,2.5078437499999997
10001100010,2.24313375
10001100011,2.30908625
10001100100,2.7211849999999997
10001100101,2.6195575
10001100110,2.4903662499999997
10001100111,2.43042125
10001101000,2.4695437499999997
10001101001,2.6910024999999997
10001101010,2.3194425
10001101011,2.4828625
10001101100,2.67376875
10001101101,2.8079087499999997
10001101110,2.7213000000000003
10001101111,2.6814025000000004
10001110000,0.009544999999999998
10001110001,-0.13108124999999998
10001110010,-0.02125999999999999
10001110011,-0.04393124999999998
10001110101,-0.21756875
10001111000,0.14394374999999998
10001111001,-0.09160125000000001
10001111010,-0.13453625000000002
10001111011,-0.022190000000000015
10001111100,-0.10942374999999997
10001111101,-0.026416249999999995
10001111110,0.012272499999999999
10001111111,-0.08527125000000002
10010000000,2.28908375
10010000010,2.58920625
10010000100,2.23756625
10010000110,2.894305
10010000111,1.8965999999999998
10010001000,2.50067375
10010001001,2.27157875
10010001010,2.2927150000000003
10010001100,2.7113825
10010001101,2.2235125
10010001111,2.7395987500000003
10010010000,-0.7585087500000001
10010010001,-0.24055500000000002
10010010100,-0.004986249999999994
10010010110,-0.48336625
10010010111,-0.20315375
10010011000,-0.38143875
10010011001,-0.299105
10010011010,-0.2582375
10010011011,-0.1556875
10010011100,-0.0074699999999999975
10010011101,-0.10653874999999999
10010011110,-0.18960125
10010011111,0.10216999999999998
10010100000,2.76554375
10010100001,1.9051150000000001
10010100010,2.2558537499999995
10010100011,1.81399125
10010100100,2.50224
10010100101,2.30311375
10010100110,2.36711625
10010100111,2.3409312499999997
10010101000,2.08907
10010101001,2.1357262500000003
10010101010,2.4660375000000005
10010101011,2.4707925
10010101100,2.27333125
10010101101,2.43814375
10010101110,2.7271137499999996
10010101111,2.5826512499999996
10010110000,-0.08582749999999999
10010110001,-0.24340374999999997
10010110010,-0.3384125
10010110011,-0.39855874999999996
10010110100,-0.45387625
10010111000,0.08411750000000001
10010111001,-0.33165875
10010111010,0.19176125
10010111011,-0.13183375000000003
10010111100,-0.0761475
10010111101,-0.33507
10010111110,-0.0033700000000000153
10010111111,-0.04669374999999999
10011000000,2.1553025
10011000001,2.4106212499999997
10011000100,2.2865925
10011000110,2.3877412500000004
10011000111,2.68313625
10011001000,2.4693962500000004
10011001001,2.05255375
10011001010,2.2134975
10011001011,2.55284125
10011001100,2.21193
10011001101,2.6576
10011001110,2.6313975
10011001111,2.7881
10011010101,-0.25524875
10011010110,-0.010388750000000002
10011010111,-0.20988875
10011011000,-0.2023
10011011001,-0.3302575
10011011010,-0.07304000000000001
10011011011,-0.10180124999999998
10011011100,-0.06062875000000001
10011011101,-0.0337775
10011011110,-0.23756750000000004
10011100001,1.9790275000000002
10011100010,2.0982499999999997
10011100100,2.25610875
10011100101,2.6343124999999996
10011100111,2.18472625
10011101010,2.6133299999999995
10011101011,2.6934674999999997
10011101100,2.74828625
10011101101,2.5226949999999997
10011101110,2.7904475000000004
10011101111,2.4349162499999997
10011110000,-0.0643
10011110001,-0.09084999999999999
10011110010,-0.036782499999999996
10011110011,-0.21378125
10011110110,-0.20723499999999997
10011110111,-0.1455625
10011111000,-0.10955125000000002
10011111001,-0.13116625
10011111010,-0.100505
10011111011,-0.11077124999999997
10011111100,0.058639999999999984
10011111101,-0.019197499999999992
10011111110,-0.1915375
10011111111,-0.011532499999999998
10100000000,1.93103125
10100000001,2.03296
10100000010,2.10252875
10100000011,1.994125
10100000100,2.499115
10100000101,2.47805875
10100000110,2.5070750000000004
10100000111,1.97131375
10100001000,2.3380475
10100001001,2.7009425
10100001010,2.49436375
10100001011,2.24422125
10100001100,2.44390375
10100001101,2.46283125
10100001110,2.6656075
10100001111,2.50561
10100010000,-0.10408500000000001
10100010001,-0.3866675
10100010100,-0.20327749999999997
10100010101,-0.13867375000000004
10100010110,-0.1658425
10100010111,-0.34045375
10100011000,-0.28193250000000003
10100011001,0.13594124999999996
10100011010,-0.26439749999999995
10100011011,-0.11316249999999997
10100011100,-0.2695625
10100011101,0.11149375
10100011110,-0.3492925
10100011111,-0.09321249999999999
10100100000,2.64766125
10100100001,2.57385
10100100010,2.1745175
10100100011,2.19481125
10100100100,2.4952550000000002
10100100101,2.116735
10100100110,2.2986625000000003
10100100111,2.2099125
10100101000,2.5496462500000003
10100101001,2.0726500000000003
10100101010,2.59849
10100101011,2.0066275
10100101100,2.19228375
10100101101,2.58777625
10100101110,2.65817
10100101111,2.3039487500000004
10100110000,-0.03071499999999998
10100110001,-0.20043624999999998
10100110010,-0.41758500000000004
10100110011,-0.72259
10100110100,-0.29033375
10100110111,-0.32593500000000003
10100111000,-0.40915124999999997
10100111001,-0.10399125000000001
10100111010,-0.16697625000000005
10100111011,-0.39809624999999993
10100111100,0.16828125000000005
10100111101,0.15652500000000003
10100111110,-0.18919500000000003
10100111111,-0.30382875000000004
10101000000,2.3803900000000002
10101000011,2.52675375
10101000100,2.7952012500000003
10101000101,2.66041375
10101000110,2.1747775000000003
10101000111,2.7321837500000004
10101001000,2.8221425
10101001001,2.8191637500000004
10101001010,2.5597512499999997
10101001011,2.5041312500000004
10101001100,2.64103125
10101001101,2.20672875
10101001110,2.6563099999999995
10101001111,2.758916250000001
10101010000,-0.24335625000000002
10101010100,-0.19486250000000002
10101010101,-0.154365
10101010110,-0.04587625000000001
10101010111,0.11960625
10101011000,-0.22454
10101011001,-0.1147125
10101011010,-0.09324375000000001
10101011011,-0.1501325
10101011100,0.0050337500000000035
10101011101,0.20602
10101011110,-0.06173875000000001
10101011111,0.008496249999999999
10101100000,2.46714625
10101100001,1.9213475
10101100010,2.37131875
10101100011,2.3625724999999997
10101100100,2.5882412500000003
10101100101,2.2922450000000003
10101100110,2.34821875
10101100111,2.6999762499999997
10101101000,2.6561425
10101101001,2.48948625
10101101010,2.5617125000000005
10101101011,2.36522125
10101101100,2.5273475
10101101101,2.43105875
10101101110,2.7799062500000002
10101101111,2.8748774999999993
10101110000,-0.0553275
10101110001,-0.34457125
10101110010,-0.29341500000000004
10101110011,-0.12378875
10101111000,-0.22361125
10101111001,0.030369999999999998
10101111010,-0.25046124999999997
10101111011,-0.022768750000000008
10101111100,-0.03139625
10101111101,-0.04005625
10101111110,-0.08342250000000001
10101111111,-0.08945125
10110000000,2.1637575
10110000010,2.01855375
10110000100,2.6821062500000004
10110000110,2.2960024999999997
10110000111,2.051105
10110001000,2.12861125
10110001001,2.03592875
10110001010,2.3453399999999998
10110001011,2.2309200000000002
10110001100,2.49908
10110001101,2.3733125
10110001110,2.3277525
10110001111,2.1218399999999997
10110010001,-0.5799799999999999
10110010101,-0.020462499999999995
10110010110,-0.5033625
10110010111,-0.4591575
10110011000,-0.33277625
10110011001,-0.30865750000000003
10110011010,-0.195525
10110011011,-0.2951175
10110011100,-0.025933749999999995
10110011101,-0.05435000000000002
10110011110,-0.22558875
10110011111,-0.31227625
10110100000,2.5153974999999997
10110100001,2.30244625
10110100010,1.7772437500000002
10110100011,2.10923125
10110100100,2.3029725
10110100101,2.4476875
10110100110,2.3214675
10110100111,2.447805
10110101000,2.66035125
10110101001,2.4162850000000002
10110101010,2.28065875
10110101011,2.556375
10110101100,2.4911562500000004
10110101101,2.4139049999999997
10110101110,2.40999375
10110101111,2.29479
10110110000,-0.27073624999999996
10110110001,-0.3449062499999999
10110110010,-0.15961625000000002
10110110011,-0.19860249999999996
10110111000,-0.13025625000000002
10110111001,-0.19788624999999999
10110111010,-0.29910875000000003
10110111011,-0.371865
10110111100,-0.22942999999999997
10110111101,-0.42706125000000006
10110111110,-0.0998275
10110111111,-0.15139375
10111000000,2.27845625
10111000001,2.26206625
10111000011,2.1933200000000004
10111000100,2.59839875
10111000110,2.4817262499999995
10111000111,2.44597
10111001000,2.3955475
10111001001,2.3655125
10111001010,2.63684625
10111001011,2.53035
10111001100,2.613415
10111001101,2.206085
10111001110,2.6843025
10111001111,2.54681375
10111010100,-0.025372500000000006
10111010101,-0.06411875000000003
10111010110,-0.24974375
10111010111,-0.39031875
10111011000,-0.24003124999999997
10111011001,-0.268195
10111011010,-0.091815
10111011011,-0.13096874999999997
10111011100,-0.1713875
10111011101,-0.09130874999999998
10111011110,-0.012085000000000002
10111011111,-0.144395
10111100000,2.6480587499999997
10111100001,2.1846224999999997
10111100010,2.279335
10111100011,2.47779625
10111100100,2.352605
10111100101,2.64832
10111100110,2.3273824999999997
10111100111,2.4411225
10111101000,2.1382412499999996
10111101001,2.6526312499999998
10111101010,2.785475
10111101011,2.4653262499999995
10111101100,2.8363750000000003
10111101101,2.26794375
10111101110,2.6068124999999998
10111101111,2.5943725
10111110000,-0.07384375
10111110001,-0.39883374999999993
10111110010,-0.16804999999999998
10111110011,-0.36451374999999997
10111111000,-0.08107750000000001
10111111001,-0.28022375
10111111010,-0.14308875000000001
10111111011,-0.23840999999999998
10111111100,-0.18181750000000002
10111111101,-0.38182874999999994
10111111110,-0.15713500000000002
10111111111,-0.10482125
11000000000,2.15014
11000000001,2.53881125
11000000010,2.60346375
11000000011,2.4293250000000004
11000000100,1.9283375000000003
11000000101,2.69973875
11000000110,2.5473337500000004
11000000111,2.4644225
11000001000,2.46499125
11000001001,2.1827075
11000001010,2.22058625
11000001011,2.70020375
11000001100,2.7186675000000005
11000001101,2.54605
11000001110,2.4607450000000006
11000001111,2.54886
11000010001,-0.20242000000000002
11000010100,-0.15279375000000006
11000010101,0.13074625
11000010110,-0.43498500000000007
11000010111,-0.10707000000000003
11000011000,0.13287624999999997
11000011001,-0.16598249999999998
11000011010,-0.30259625
11000011011,-0.233675
11000011100,-0.39450624999999995
11000011101,-0.22165249999999997
11000011110,-0.1416125
11000011111,-0.186695
11000100000,2.4533225000000005
11000100001,2.7029525000000003
11000100010,2.42665
11000100011,2.77419625
11000100100,2.67098625
11000100101,2.5229874999999997
11000100110,2.63920125
11000100111,2.5919024999999998
11000101000,2.38145
11000101001,2.50873375
11000101010,2.4663725000000003
11000101011,2.7943412500000004
11000101100,2.1053562500000003
11000101101,2.8970062500000004
11000101110,2.6886625
11000101111,2.9248024999999997
11000110000,-0.2438525
11000110001,0.2805375
11000110010,-0.009621250000000026
11000110011,-0.18873499999999999
11000111000,-0.01985125
11000111001,-0.106625
11000111010,-0.41725
11000111011,0.08381249999999998
11000111100,0.18066124999999997
11000111101,-0.009378749999999993
11000111110,0.07582875
11000111111,-0.24720375000000003
11001000000,2.73171875
11001000001,2.5545150000000003
11001000010,2.7816975
11001000011,2.20353
11001000100,3.24509
11001000101,2.678625
11001000110,2.2283375
11001000111,2.5305675
11001001000,2.7214637500000003
11001001001,2.79059625
11001001010,2.749895
11001001011,2.6469475
11001001100,2.64789
11001001101,2.7773775
11001001110,2.74746875
11001001111,2.5433662500000005
11001010010,-0.29525124999999997
11001010011,-0.1437925
11001010100,0.3550475
11001010101,0.05609875
11001010110,-0.300585
11001010111,-0.24424625000000003
11001011000,-0.10773125000000001
11001011001,0.01092375
11001011010,-0.21185625000000002
11001011011,-0.29799875000000003
11001011100,-0.12137000000000002
11001011101,-0.29758874999999996
11001011110,-0.030676249999999995
11001011111,0.01834375
11001100000,2.5103975
11001100001,2.38623
11001100010,2.27735875
11001100011,2.1669075
11001100100,2.3506887499999998
11001100101,2.800455
11001100110,2.5792962500000005
11001100111,2.674725
11001101000,2.789065
11001101001,2.79145625
11001101010,3.02926375
11001101011,2.7877075000000002
11001101100,2.7541149999999996
11001101101,2.7707775000000003
11001101110,2.834835
11001101111,3.03771
11001110000,-0.07673
11001110001,-0.03297250000000001
11001110010,-0.15847999999999995
11001110011,0.13964000000000001
11001111000,0.12414
11001111001,0.08706875000000001
11001111010,0.12775375
11001111011,0.012070000000000004
11001111100,0.11699999999999999
11001111101,-0.004945000000000012
11001111110,-0.08935000000000001
11001111111,0.1580725
11010000000,2.33919375
11010000001,2.5618462500000003
11010000010,2.07858
11010000011,2.1193850000000003
11010000100,2.6557512500000002
11010000101,2.4161699999999997
11010000110,2.57769375
11010000111,2.2352362500000003
11010001000,2.4623074999999996
11010001001,2.3105587499999998
11010001010,2.2669099999999998
11010001011,2.24823875
11010001100,2.90031875
11010001101,2.69524875
11010001110,2.76828125
11010001111,2.34484375
11010010100,-0.7060624999999999
11010010101,-0.323525
11010010110,-0.30206500000000003
11010010111,-0.35044625
11010011000,-0.24877
11010011001,-0.16707000000000002
11010011010,-0.2616525
11010011011,-0.6028100000000001
11010011100,-0.009493749999999995
11010011101,-0.2858425
11010011111,-0.3818125
11010100000,2.56241375
11010100001,2.37676875
11010100010,2.4950275
11010100011,2.2583825
11010100100,2.5942024999999997
11010100101,2.31949625
11010100110,2.3119125
11010100111,2.69720625
11010101000,2.44135
11010101001,2.71479375
11010101010,2.53237125
11010101011,2.254195
11010101100,2.5640775
11010101101,2.3746924999999997
11010101110,2.2625925000000002
11010101111,2.9259875
11010110000,-0.008171250000000005
11010110001,0.103355
11010110010,-0.24886499999999995
11010110011,-0.0014200000000000046
11010110100,-0.11696875000000001
11010110110,-0.20768125000000004
11010111000,-0.0021000000000000046
11010111001,-0.02298499999999999
11010111010,0.20793124999999996
11010111011,-0.29089875000000004
11010111100,-0.09257750000000002
11010111101,-0.20267375
11010111110,0.030630000000000032
11010111111,-0.02138625000000001
11011000000,2.6855599999999997
11011000010,2.7852375
11011000011,2.48461875
11011000101,2.78745125
11011000110,1.8041125
11011000111,2.00737375
11011001000,2.450365
11011001001,2.38198375
11011001010,2.5519212500000004
11011001011,2.49011625
11011001100,2.64167875
11011001101,2.6358275
11011001110,2.8286425
11011001111,2.4405750000000004
11011010000,-0.17912875
11011010001,-0.010840000000000016
11011010100,0.023363750000000003
11011010101,-0.14985125
11011010110,-0.21467125000000004
11011010111,-0.65647375
11011011000,-0.08356625
11011011001,-0.23534875
11011011010,-0.018279999999999994
11011011011,-0.07187874999999999
11011011100,-0.05707375
11011011101,-0.1088175
11011011110,-0.024276249999999996
11011011111,-0.173105
11011100000,2.46645125
11011100001,2.5196050000000003
11011100010,2.7276375
11011100011,2.3322362500000002
11011100100,2.47518
11011100101,2.20562625
11011100110,2.47450875
11011100111,2.8103587500000002
11011101000,2.5892912500000005
11011101001,2.7128624999999995
11011101010,2.8412812499999998
11011101011,2.68934
11011101100,2.7659800000000003
11011101101,2.81701875
11011101110,2.63367375
11011101111,2.7248062500000003
11011110000,-0.12123500000000001
11011110001,-0.053316249999999996
11011110010,-0.16224
11011110011,-0.19128250000000002
11011110101,-0.15346875
11011111000,0.06053375
11011111001,-0.02670625
11011111010,0.05971625
11011111011,-0.022468749999999996
11011111100,0.09044625
11011111101,-0.060137499999999997
11011111111,-0.005874999999999997
11100000000,2.160055
11100000001,2.468185
11100000010,2.64789875
11100000011,2.3170775
11100000100,2.5206025
11100000101,2.7300124999999995
11100000110,2.2565812499999995
11100000111,2.6605425000000005
11100001000,2.5632249999999996
11100001001,2.28243625
11100001010,2.5418787500000004
11100001011,2.19998
11100001100,2.3959887500000003
11100001101,2.33015625
11100001110,2.3201925000000005
11100001111,2.75622
11100010001,-0.43711875
11100010100,-0.09862499999999999
11100010101,0.004506249999999979
11100010110,-0.16525875
11100010111,-0.42845124999999995
11100011000,0.16940125
11100011001,-0.18503124999999998
11100011010,0.009358750000000013
11100011011,-0.43937249999999994
11100011100,0.0007400000000000045
11100011101,-0.37316375
11100011110,-0.16254000000000002
11100011111,0.00822125000000001
11100100000,2.5937575
11100100001,2.23936375
11100100010,2.56746375
11100100011,2.5846225
11100100100,2.55516125
11100100101,2.41368875
11100100110,2.55606375
11100100111,2.40815
11100101000,2.67389875
11100101001,2.5031375000000002
11100101010,2.7492187500000003
11100101011,2.2898525
11100101100,2.8130275
11100101101,2.6126862500000003
11100101110,2.8522987499999997
11100101111,2.7772024999999996
11100110000,0.12472749999999999
11100110001,-0.2594925
11100110010,0.020339999999999997
11100110011,-0.28386125
11100110101,-0.16680125
11100111000,0.08120625000000001
11100111001,-0.057170000000000006
11100111010,-0.04860625
11100111011,-0.18942374999999997
11100111100,-0.09470250000000001
11100111101,-0.33715375000000003
11100111110,0.2507925
11100111111,0.21271500000000002
11101000000,2.3132025
11101000001,2.5242475
11101000010,2.7285049999999997
11101000011,2.2314062499999996
11101000100,2.5032050000000003
11101000101,2.4415475
11101000110,2.70617
11101000111,2.8954175
11101001000,2.5695925
11101001001,2.7286237499999997
11101001010,2.75437375
11101001011,2.5774675
11101001100,2.8201375
11101001101,2.8427974999999996
11101001110,2.353625
11101001111,2.7102000000000004
11101010010,-0.37636625
11101010011,0.23986000000000002
11101010100,-0.04503875
11101010101,-0.13280625000000001
11101010110,-0.30112250000000007
11101010111,-0.35765375
11101011000,-0.0002750000000000044
11101011001,-0.09687625
11101011010,-0.11989749999999999
11101011011,0.017474999999999997
11101011100,-0.053003749999999995
11101011101,0.08967499999999998
11101011110,-0.14204125
11101011111,0.04158
11101100000,2.25318
11101100001,2.379055
11101100010,2.3061425
11101100011,2.9484987499999997
11101100100,2.5447274999999996
11101100101,2.770465
11101100110,3.11890125
11101100111,2.65473625
11101101000,2.63214875
11101101001,2.60159375
11101101010,2.69876375
11101101011,2.7707875
11101101101,2.9117
11101101110,2.7908
11101110000,0.016687499999999994
11101110001,-0.11495375000000001
11101110010,0.020876249999999992
11101110011,-0.10351625
11101110100,0.27486625
11101111000,-0.16221375
11101111001,-0.02599
11101111010,0.16845499999999997
11101111011,0.042452500000000004
11101111100,-0.08688625
11101111101,0.07986125
11101111110,0.171145
11101111111,0.064055
11110000000,2.2647725
11110000001,2.3891975000000003
11110000010,2.9043625
11110000011,2.1674824999999998
11110000100,2.5664299999999995
11110000101,2.3482575
11110000110,2.26960625
11110000111,2.35854
11110001000,2.68969875
11110001001,2.45200625
11110001010,2.65774125
11110001011,2.3965162499999995
11110001100,2.9253325
11110001101,2.25765
11110001110,2.59399375
11110001111,2.6515137500000003
11110010000,-0.31884125
11110010011,-0.209505
11110010100,-0.24943250000000006
11110010101,-0.4705325
11110010110,-0.18451625000000002
11110010111,0.02385624999999999
11110011000,0.12147125000000003
11110011001,-0.316225
11110011010,-0.01796
11110011011,-0.144675
11110011100,0.2214025
11110011101,-0.1335125
11110011110,-0.08483500000000001
11110011111,-0.0789525
11110100001,2.49099875
11110100010,2.4809825
11110100011,2.6551499999999995
11110100100,2.50186375
11110100101,2.8543925
11110100110,2.4834549999999997
11110100111,2.41797125
11110101000,2.54525875
11110101001,2.6103675
11110101010,2.55986125
11110101011,2.3713075
11110101100,2.409795
11110101101,2.6133499999999996
11110101110,2.7799725000000004
11110101111,2.85045875
11110110000,0.004857499999999987
11110110001,-0.16791125
11110110010,0.282665
11110110011,-0.26072500000000004
11110110101,-0.232595
11110110110,-0.1459825
11110111000,0.05078625
11110111001,-0.34184625
11110111010,-0.27063
11110111011,-0.274005
11110111100,-0.24048625
11110111101,-0.15095875
11110111110,-0.21295624999999999
11111000000,2.48115375
11111000001,2.57248625
11111000010,2.3322375
11111000011,2.23689625
11111000100,2.684715
11111000101,2.47207125
11111000110,2.5296375
11111000111,2.6967762500000005
11111001000,2.7547525
11111001001,2.19450375
11111001010,2.7602325
11111001011,2.83897625
11111001100,2.5338325
11111001101,2.49525625
11111001110,2.6076437500000003
11111001111,2.5913162499999998
11111010000,-0.03429749999999998
11111010001,-0.01563749999999999
11111010011,-0.22506125
11111010100,-0.02675124999999999
11111010101,0.04984749999999999
11111010110,0.05909500000000002
11111010111,-0.02467624999999999
11111011000,-0.012403750000000002
11111011001,-0.21474125
11111011010,-0.06507750000000001
11111011011,-0.34583
11111011100,-0.06277250000000001
11111011101,-0.14469250000000003
11111011110,-0.20826124999999998
11111011111,-0.1385775
11111100000,2.70257375
11111100001,2.5005499999999996
11111100010,2.4691575
11111100011,2.5385037500000003
11111100100,2.9504462499999997
11111100101,2.5647425000000004
11111100110,2.7688300000000003
11111100111,2.56774
11111101000,2.5366599999999995
11111101001,2.34715
11111101010,2.7453249999999993
11111101011,2.58717125
11111101101,2.59465875
11111101110,2.75327375
11111101111,2.75034375
11111110000,0.05752
11111110001,-0.22385625
11111110010,-0.20407125
11111110011,-0.09376625000000002
11111111000,-0.01595375000000001
11111111001,-0.11330749999999999
11111111010,-0.1702625
11111111011,-0.0641875
11111111100,0.040037500000000004
11111111101,0.102245
11111111110,0.035748749999999996
